region,group,date,month,year,rainfall_mm
Uganda (national),Reference,1990-01,1,1990,32.49937030790072
Karamoja,Focus region,1990-01,1,1990,16.0086978506977
Lake Victoria basin,Focus region,1990-01,1,1990,48.74111920136986
Northern Region region,Admin region (AEZ stand-in),1990-01,1,1990,15.780894206017905
Eastern Region region,Admin region (AEZ stand-in),1990-01,1,1990,43.45256393041433
Central Region region,Admin region (AEZ stand-in),1990-01,1,1990,45.432499268320385
Western Region region,Admin region (AEZ stand-in),1990-01,1,1990,44.7067805968243
Uganda (national),Reference,1990-02,2,1990,73.12063940169409
Karamoja,Focus region,1990-02,2,1990,56.49851604645889
Lake Victoria basin,Focus region,1990-02,2,1990,86.39305439406425
Northern Region region,Admin region (AEZ stand-in),1990-02,2,1990,50.74040342497167
Eastern Region region,Admin region (AEZ stand-in),1990-02,2,1990,108.53976499211912
Central Region region,Admin region (AEZ stand-in),1990-02,2,1990,72.61857527307909
Western Region region,Admin region (AEZ stand-in),1990-02,2,1990,91.42128767034191
Uganda (national),Reference,1990-03,3,1990,111.99285662906527
Karamoja,Focus region,1990-03,3,1990,87.14608863168975
Lake Victoria basin,Focus region,1990-03,3,1990,130.38516936394532
Northern Region region,Admin region (AEZ stand-in),1990-03,3,1990,86.55043046030343
Eastern Region region,Admin region (AEZ stand-in),1990-03,3,1990,154.36823145151726
Central Region region,Admin region (AEZ stand-in),1990-03,3,1990,138.91893304820874
Western Region region,Admin region (AEZ stand-in),1990-03,3,1990,110.32333193379503
Uganda (national),Reference,1990-04,4,1990,157.67127716213506
Karamoja,Focus region,1990-04,4,1990,107.88681913613084
Lake Victoria basin,Focus region,1990-04,4,1990,150.00382027097268
Northern Region region,Admin region (AEZ stand-in),1990-04,4,1990,139.5170332147779
Eastern Region region,Admin region (AEZ stand-in),1990-04,4,1990,212.85324800590786
Central Region region,Admin region (AEZ stand-in),1990-04,4,1990,164.29353104983136
Western Region region,Admin region (AEZ stand-in),1990-04,4,1990,152.02628652051715
Uganda (national),Reference,1990-05,5,1990,130.39451216558393
Karamoja,Focus region,1990-05,5,1990,113.10125663372649
Lake Victoria basin,Focus region,1990-05,5,1990,106.50716033656425
Northern Region region,Admin region (AEZ stand-in),1990-05,5,1990,140.11892902215092
Eastern Region region,Admin region (AEZ stand-in),1990-05,5,1990,157.35203764571122
Central Region region,Admin region (AEZ stand-in),1990-05,5,1990,143.68212342507303
Western Region region,Admin region (AEZ stand-in),1990-05,5,1990,88.34975702906455
Uganda (national),Reference,1990-06,6,1990,63.49080014852204
Karamoja,Focus region,1990-06,6,1990,63.47402939507903
Lake Victoria basin,Focus region,1990-06,6,1990,14.1147967506274
Northern Region region,Admin region (AEZ stand-in),1990-06,6,1990,95.94066662188393
Eastern Region region,Admin region (AEZ stand-in),1990-06,6,1990,61.036322343498355
Central Region region,Admin region (AEZ stand-in),1990-06,6,1990,24.820044584514655
Western Region region,Admin region (AEZ stand-in),1990-06,6,1990,39.59340302312639
Uganda (national),Reference,1990-07,7,1990,93.79181364063017
Karamoja,Focus region,1990-07,7,1990,109.88412480435215
Lake Victoria basin,Focus region,1990-07,7,1990,24.659243186751915
Northern Region region,Admin region (AEZ stand-in),1990-07,7,1990,143.28798382788605
Eastern Region region,Admin region (AEZ stand-in),1990-07,7,1990,115.58543289211715
Central Region region,Admin region (AEZ stand-in),1990-07,7,1990,44.188353258495184
Western Region region,Admin region (AEZ stand-in),1990-07,7,1990,35.5880878795375
Uganda (national),Reference,1990-08,8,1990,137.7131222783791
Karamoja,Focus region,1990-08,8,1990,105.39377464698067
Lake Victoria basin,Focus region,1990-08,8,1990,66.73466079106082
Northern Region region,Admin region (AEZ stand-in),1990-08,8,1990,181.39506022513896
Eastern Region region,Admin region (AEZ stand-in),1990-08,8,1990,165.58478982303828
Central Region region,Admin region (AEZ stand-in),1990-08,8,1990,91.46545873732336
Western Region region,Admin region (AEZ stand-in),1990-08,8,1990,83.25102872103002
Uganda (national),Reference,1990-09,9,1990,117.9269411068244
Karamoja,Focus region,1990-09,9,1990,69.58873978491224
Lake Victoria basin,Focus region,1990-09,9,1990,80.52518409787773
Northern Region region,Admin region (AEZ stand-in),1990-09,9,1990,124.47148262804606
Eastern Region region,Admin region (AEZ stand-in),1990-09,9,1990,127.07938092955604
Central Region region,Admin region (AEZ stand-in),1990-09,9,1990,106.56167290294938
Western Region region,Admin region (AEZ stand-in),1990-09,9,1990,110.37092899216192
Uganda (national),Reference,1990-10,10,1990,140.65771067259007
Karamoja,Focus region,1990-10,10,1990,85.03672547433871
Lake Victoria basin,Focus region,1990-10,10,1990,122.2297156996289
Northern Region region,Admin region (AEZ stand-in),1990-10,10,1990,141.8196693483449
Eastern Region region,Admin region (AEZ stand-in),1990-10,10,1990,143.04513702551824
Central Region region,Admin region (AEZ stand-in),1990-10,10,1990,135.4521354135991
Western Region region,Admin region (AEZ stand-in),1990-10,10,1990,141.2854243660632
Uganda (national),Reference,1990-11,11,1990,85.15908102352736
Karamoja,Focus region,1990-11,11,1990,23.918204123590666
Lake Victoria basin,Focus region,1990-11,11,1990,113.62185451863778
Northern Region region,Admin region (AEZ stand-in),1990-11,11,1990,55.7073924372652
Eastern Region region,Admin region (AEZ stand-in),1990-11,11,1990,88.43591001663223
Central Region region,Admin region (AEZ stand-in),1990-11,11,1990,91.63458704625569
Western Region region,Admin region (AEZ stand-in),1990-11,11,1990,128.1630719622702
Uganda (national),Reference,1990-12,12,1990,69.01059269698413
Karamoja,Focus region,1990-12,12,1990,21.378481863484026
Lake Victoria basin,Focus region,1990-12,12,1990,88.47881640212195
Northern Region region,Admin region (AEZ stand-in),1990-12,12,1990,46.290218828493565
Eastern Region region,Admin region (AEZ stand-in),1990-12,12,1990,64.67938005918354
Central Region region,Admin region (AEZ stand-in),1990-12,12,1990,86.34676901506089
Western Region region,Admin region (AEZ stand-in),1990-12,12,1990,96.58389376379077
Uganda (national),Reference,1991-01,1,1991,38.45232892217085
Karamoja,Focus region,1991-01,1,1991,15.7676409042364
Lake Victoria basin,Focus region,1991-01,1,1991,57.89681545980283
Northern Region region,Admin region (AEZ stand-in),1991-01,1,1991,21.801571750860596
Eastern Region region,Admin region (AEZ stand-in),1991-01,1,1991,52.51141170857892
Central Region region,Admin region (AEZ stand-in),1991-01,1,1991,46.722814993519684
Western Region region,Admin region (AEZ stand-in),1991-01,1,1991,52.34810699647951
Uganda (national),Reference,1991-02,2,1991,45.98824182138328
Karamoja,Focus region,1991-02,2,1991,11.3732388741533
Lake Victoria basin,Focus region,1991-02,2,1991,71.54108613669665
Northern Region region,Admin region (AEZ stand-in),1991-02,2,1991,26.065852610247592
Eastern Region region,Admin region (AEZ stand-in),1991-02,2,1991,55.41682490592349
Central Region region,Admin region (AEZ stand-in),1991-02,2,1991,72.3597252508054
Western Region region,Admin region (AEZ stand-in),1991-02,2,1991,54.16635160464774
Uganda (national),Reference,1991-03,3,1991,93.0418361028918
Karamoja,Focus region,1991-03,3,1991,55.24797317010871
Lake Victoria basin,Focus region,1991-03,3,1991,113.3428160235106
Northern Region region,Admin region (AEZ stand-in),1991-03,3,1991,75.75313963881497
Eastern Region region,Admin region (AEZ stand-in),1991-03,3,1991,115.42346744316754
Central Region region,Admin region (AEZ stand-in),1991-03,3,1991,113.59157837716039
Western Region region,Admin region (AEZ stand-in),1991-03,3,1991,93.74032953415508
Uganda (national),Reference,1991-04,4,1991,152.9127548492248
Karamoja,Focus region,1991-04,4,1991,70.28081267026491
Lake Victoria basin,Focus region,1991-04,4,1991,155.41530868528005
Northern Region region,Admin region (AEZ stand-in),1991-04,4,1991,140.3461685395947
Eastern Region region,Admin region (AEZ stand-in),1991-04,4,1991,175.60955097247933
Central Region region,Admin region (AEZ stand-in),1991-04,4,1991,183.3782873852148
Western Region region,Admin region (AEZ stand-in),1991-04,4,1991,137.82400043891693
Uganda (national),Reference,1991-05,5,1991,187.87329026756862
Karamoja,Focus region,1991-05,5,1991,206.7208568269837
Lake Victoria basin,Focus region,1991-05,5,1991,129.53316604890887
Northern Region region,Admin region (AEZ stand-in),1991-05,5,1991,211.85268908713007
Eastern Region region,Admin region (AEZ stand-in),1991-05,5,1991,292.5232101043955
Central Region region,Admin region (AEZ stand-in),1991-05,5,1991,153.70456527207094
Western Region region,Admin region (AEZ stand-in),1991-05,5,1991,114.2927658622754
Uganda (national),Reference,1991-06,6,1991,91.3583430453617
Karamoja,Focus region,1991-06,6,1991,96.18795270581603
Lake Victoria basin,Focus region,1991-06,6,1991,42.85096844802209
Northern Region region,Admin region (AEZ stand-in),1991-06,6,1991,118.87414366476578
Eastern Region region,Admin region (AEZ stand-in),1991-06,6,1991,113.90941097497989
Central Region region,Admin region (AEZ stand-in),1991-06,6,1991,56.29307198289632
Western Region region,Admin region (AEZ stand-in),1991-06,6,1991,58.76339616658999
Uganda (national),Reference,1991-07,7,1991,98.41016839463629
Karamoja,Focus region,1991-07,7,1991,101.65841966741914
Lake Victoria basin,Focus region,1991-07,7,1991,40.67241057466192
Northern Region region,Admin region (AEZ stand-in),1991-07,7,1991,133.4168759920303
Eastern Region region,Admin region (AEZ stand-in),1991-07,7,1991,112.17026014536381
Central Region region,Admin region (AEZ stand-in),1991-07,7,1991,50.599841201843745
Western Region region,Admin region (AEZ stand-in),1991-07,7,1991,67.91779809916699
Uganda (national),Reference,1991-08,8,1991,153.23439913522034
Karamoja,Focus region,1991-08,8,1991,191.6621711770531
Lake Victoria basin,Focus region,1991-08,8,1991,62.109342812200495
Northern Region region,Admin region (AEZ stand-in),1991-08,8,1991,215.8332798764759
Eastern Region region,Admin region (AEZ stand-in),1991-08,8,1991,187.81032023653805
Central Region region,Admin region (AEZ stand-in),1991-08,8,1991,90.78627841005466
Western Region region,Admin region (AEZ stand-in),1991-08,8,1991,75.47018574904544
Uganda (national),Reference,1991-09,9,1991,107.94346483441277
Karamoja,Focus region,1991-09,9,1991,78.90275048491353
Lake Victoria basin,Focus region,1991-09,9,1991,76.70437672663758
Northern Region region,Admin region (AEZ stand-in),1991-09,9,1991,111.38096636044527
Eastern Region region,Admin region (AEZ stand-in),1991-09,9,1991,131.33223410352755
Central Region region,Admin region (AEZ stand-in),1991-09,9,1991,83.32390024872875
Western Region region,Admin region (AEZ stand-in),1991-09,9,1991,107.57123345815556
Uganda (national),Reference,1991-10,10,1991,147.9034187390692
Karamoja,Focus region,1991-10,10,1991,121.31351910038371
Lake Victoria basin,Focus region,1991-10,10,1991,140.05743975178265
Northern Region region,Admin region (AEZ stand-in),1991-10,10,1991,135.45610045050182
Eastern Region region,Admin region (AEZ stand-in),1991-10,10,1991,168.11928457025184
Central Region region,Admin region (AEZ stand-in),1991-10,10,1991,144.39762245412848
Western Region region,Admin region (AEZ stand-in),1991-10,10,1991,160.16858732577117
Uganda (national),Reference,1991-11,11,1991,93.85519018237603
Karamoja,Focus region,1991-11,11,1991,45.639390389787636
Lake Victoria basin,Focus region,1991-11,11,1991,99.17977934027026
Northern Region region,Admin region (AEZ stand-in),1991-11,11,1991,77.34481253136597
Eastern Region region,Admin region (AEZ stand-in),1991-11,11,1991,99.72062911722333
Central Region region,Admin region (AEZ stand-in),1991-11,11,1991,109.44180861892117
Western Region region,Admin region (AEZ stand-in),1991-11,11,1991,106.41445057473793
Uganda (national),Reference,1991-12,12,1991,37.99168345120834
Karamoja,Focus region,1991-12,12,1991,12.11523699013744
Lake Victoria basin,Focus region,1991-12,12,1991,75.60775404219825
Northern Region region,Admin region (AEZ stand-in),1991-12,12,1991,15.910940189905729
Eastern Region region,Admin region (AEZ stand-in),1991-12,12,1991,29.909957573628006
Central Region region,Admin region (AEZ stand-in),1991-12,12,1991,57.62460170853785
Western Region region,Admin region (AEZ stand-in),1991-12,12,1991,64.93461045251864
Uganda (national),Reference,1992-01,1,1992,19.967996467816214
Karamoja,Focus region,1992-01,1,1992,7.6496598311269475
Lake Victoria basin,Focus region,1992-01,1,1992,31.52522880437075
Northern Region region,Admin region (AEZ stand-in),1992-01,1,1992,10.931654496416689
Eastern Region region,Admin region (AEZ stand-in),1992-01,1,1992,17.141349264617535
Central Region region,Admin region (AEZ stand-in),1992-01,1,1992,35.21946607431858
Western Region region,Admin region (AEZ stand-in),1992-01,1,1992,25.20656084584615
Uganda (national),Reference,1992-02,2,1992,23.189462025088314
Karamoja,Focus region,1992-02,2,1992,9.404105053301128
Lake Victoria basin,Focus region,1992-02,2,1992,39.419319794517385
Northern Region region,Admin region (AEZ stand-in),1992-02,2,1992,11.73755578517695
Eastern Region region,Admin region (AEZ stand-in),1992-02,2,1992,34.770578636612015
Central Region region,Admin region (AEZ stand-in),1992-02,2,1992,30.175839307490026
Western Region region,Admin region (AEZ stand-in),1992-02,2,1992,30.664000232696246
Uganda (national),Reference,1992-03,3,1992,65.47297503228039
Karamoja,Focus region,1992-03,3,1992,34.14113055434426
Lake Victoria basin,Focus region,1992-03,3,1992,82.96631173226825
Northern Region region,Admin region (AEZ stand-in),1992-03,3,1992,45.97427031792225
Eastern Region region,Admin region (AEZ stand-in),1992-03,3,1992,78.12445667756933
Central Region region,Admin region (AEZ stand-in),1992-03,3,1992,75.44887871860148
Western Region region,Admin region (AEZ stand-in),1992-03,3,1992,83.66012363939099
Uganda (national),Reference,1992-04,4,1992,128.61303315531478
Karamoja,Focus region,1992-04,4,1992,84.4380305961293
Lake Victoria basin,Focus region,1992-04,4,1992,120.97540375626386
Northern Region region,Admin region (AEZ stand-in),1992-04,4,1992,108.86395555875703
Eastern Region region,Admin region (AEZ stand-in),1992-04,4,1992,169.60925502115046
Central Region region,Admin region (AEZ stand-in),1992-04,4,1992,133.37284823932586
Western Region region,Admin region (AEZ stand-in),1992-04,4,1992,134.96213917723773
Uganda (national),Reference,1992-05,5,1992,119.83315623833607
Karamoja,Focus region,1992-05,5,1992,105.63978141781138
Lake Victoria basin,Focus region,1992-05,5,1992,98.64940965264844
Northern Region region,Admin region (AEZ stand-in),1992-05,5,1992,126.98929506964659
Eastern Region region,Admin region (AEZ stand-in),1992-05,5,1992,153.27753046672933
Central Region region,Admin region (AEZ stand-in),1992-05,5,1992,122.98064813445103
Western Region region,Admin region (AEZ stand-in),1992-05,5,1992,86.23831332190882
Uganda (national),Reference,1992-06,6,1992,106.30314606326564
Karamoja,Focus region,1992-06,6,1992,81.10099890010353
Lake Victoria basin,Focus region,1992-06,6,1992,45.440293978599684
Northern Region region,Admin region (AEZ stand-in),1992-06,6,1992,134.93544694466192
Eastern Region region,Admin region (AEZ stand-in),1992-06,6,1992,139.07700365897168
Central Region region,Admin region (AEZ stand-in),1992-06,6,1992,70.23823018725341
Western Region region,Admin region (AEZ stand-in),1992-06,6,1992,66.82365239620519
Uganda (national),Reference,1992-07,7,1992,93.70309939422049
Karamoja,Focus region,1992-07,7,1992,103.61523116770414
Lake Victoria basin,Focus region,1992-07,7,1992,31.329189333774845
Northern Region region,Admin region (AEZ stand-in),1992-07,7,1992,132.8173104838423
Eastern Region region,Admin region (AEZ stand-in),1992-07,7,1992,100.2032908472021
Central Region region,Admin region (AEZ stand-in),1992-07,7,1992,58.521784751372415
Western Region region,Admin region (AEZ stand-in),1992-07,7,1992,50.69162994249646
Uganda (national),Reference,1992-08,8,1992,109.59398360949486
Karamoja,Focus region,1992-08,8,1992,87.10986509813308
Lake Victoria basin,Focus region,1992-08,8,1992,50.92462807086017
Northern Region region,Admin region (AEZ stand-in),1992-08,8,1992,131.8276604110348
Eastern Region region,Admin region (AEZ stand-in),1992-08,8,1992,125.18144944195282
Central Region region,Admin region (AEZ stand-in),1992-08,8,1992,84.37304294056885
Western Region region,Admin region (AEZ stand-in),1992-08,8,1992,82.32411266043547
Uganda (national),Reference,1992-09,9,1992,109.73148938009494
Karamoja,Focus region,1992-09,9,1992,54.68813113608835
Lake Victoria basin,Focus region,1992-09,9,1992,115.03500326702186
Northern Region region,Admin region (AEZ stand-in),1992-09,9,1992,95.75026933341088
Eastern Region region,Admin region (AEZ stand-in),1992-09,9,1992,109.1560070283443
Central Region region,Admin region (AEZ stand-in),1992-09,9,1992,111.59478925029117
Western Region region,Admin region (AEZ stand-in),1992-09,9,1992,132.33408511608908
Uganda (national),Reference,1992-10,10,1992,170.9429535317419
Karamoja,Focus region,1992-10,10,1992,143.10230414286002
Lake Victoria basin,Focus region,1992-10,10,1992,147.53141223672725
Northern Region region,Admin region (AEZ stand-in),1992-10,10,1992,184.25246412704323
Eastern Region region,Admin region (AEZ stand-in),1992-10,10,1992,181.4615363440378
Central Region region,Admin region (AEZ stand-in),1992-10,10,1992,164.01011713507398
Western Region region,Admin region (AEZ stand-in),1992-10,10,1992,147.88335865958246
Uganda (national),Reference,1992-11,11,1992,82.40525316107187
Karamoja,Focus region,1992-11,11,1992,28.3647243504429
Lake Victoria basin,Focus region,1992-11,11,1992,102.01994941012848
Northern Region region,Admin region (AEZ stand-in),1992-11,11,1992,58.014210197085795
Eastern Region region,Admin region (AEZ stand-in),1992-11,11,1992,107.08053888500037
Central Region region,Admin region (AEZ stand-in),1992-11,11,1992,99.33315786493453
Western Region region,Admin region (AEZ stand-in),1992-11,11,1992,96.69408591527555
Uganda (national),Reference,1992-12,12,1992,68.98423391682691
Karamoja,Focus region,1992-12,12,1992,16.906366351620694
Lake Victoria basin,Focus region,1992-12,12,1992,95.33416710616638
Northern Region region,Admin region (AEZ stand-in),1992-12,12,1992,41.281338025974634
Eastern Region region,Admin region (AEZ stand-in),1992-12,12,1992,76.02169173210689
Central Region region,Admin region (AEZ stand-in),1992-12,12,1992,92.24182335203095
Western Region region,Admin region (AEZ stand-in),1992-12,12,1992,94.14248287378263
Uganda (national),Reference,1993-01,1,1993,33.82860681397428
Karamoja,Focus region,1993-01,1,1993,13.914853764613813
Lake Victoria basin,Focus region,1993-01,1,1993,70.63499919725632
Northern Region region,Admin region (AEZ stand-in),1993-01,1,1993,13.553789868605213
Eastern Region region,Admin region (AEZ stand-in),1993-01,1,1993,49.64921914574918
Central Region region,Admin region (AEZ stand-in),1993-01,1,1993,54.012186620249345
Western Region region,Admin region (AEZ stand-in),1993-01,1,1993,43.71918078649696
Uganda (national),Reference,1993-02,2,1993,39.75507826110238
Karamoja,Focus region,1993-02,2,1993,23.47524727773945
Lake Victoria basin,Focus region,1993-02,2,1993,48.3949482562638
Northern Region region,Admin region (AEZ stand-in),1993-02,2,1993,27.910859753372318
Eastern Region region,Admin region (AEZ stand-in),1993-02,2,1993,39.74188687097253
Central Region region,Admin region (AEZ stand-in),1993-02,2,1993,43.249271266149705
Western Region region,Admin region (AEZ stand-in),1993-02,2,1993,57.071977560076775
Uganda (national),Reference,1993-03,3,1993,75.18362668019506
Karamoja,Focus region,1993-03,3,1993,23.178511661807935
Lake Victoria basin,Focus region,1993-03,3,1993,100.18597181892248
Northern Region region,Admin region (AEZ stand-in),1993-03,3,1993,53.28376188857665
Eastern Region region,Admin region (AEZ stand-in),1993-03,3,1993,63.94427170423821
Central Region region,Admin region (AEZ stand-in),1993-03,3,1993,116.04712798176067
Western Region region,Admin region (AEZ stand-in),1993-03,3,1993,87.2116671724417
Uganda (national),Reference,1993-04,4,1993,138.2629951139498
Karamoja,Focus region,1993-04,4,1993,68.82649787256018
Lake Victoria basin,Focus region,1993-04,4,1993,127.23210578697007
Northern Region region,Admin region (AEZ stand-in),1993-04,4,1993,114.3648463558288
Eastern Region region,Admin region (AEZ stand-in),1993-04,4,1993,165.73970275921909
Central Region region,Admin region (AEZ stand-in),1993-04,4,1993,153.8366505206708
Western Region region,Admin region (AEZ stand-in),1993-04,4,1993,151.0570911905605
Uganda (national),Reference,1993-05,5,1993,163.8136563291866
Karamoja,Focus region,1993-05,5,1993,161.7084127291637
Lake Victoria basin,Focus region,1993-05,5,1993,124.9299115357037
Northern Region region,Admin region (AEZ stand-in),1993-05,5,1993,177.31541064032808
Eastern Region region,Admin region (AEZ stand-in),1993-05,5,1993,194.64381189919845
Central Region region,Admin region (AEZ stand-in),1993-05,5,1993,152.72253919601985
Western Region region,Admin region (AEZ stand-in),1993-05,5,1993,131.9739861523753
Uganda (national),Reference,1993-06,6,1993,97.90416034012102
Karamoja,Focus region,1993-06,6,1993,92.39970461823879
Lake Victoria basin,Focus region,1993-06,6,1993,43.7959446824541
Northern Region region,Admin region (AEZ stand-in),1993-06,6,1993,117.65808672487147
Eastern Region region,Admin region (AEZ stand-in),1993-06,6,1993,135.01577005984316
Central Region region,Admin region (AEZ stand-in),1993-06,6,1993,78.4319157484608
Western Region region,Admin region (AEZ stand-in),1993-06,6,1993,58.244012627097334
Uganda (national),Reference,1993-07,7,1993,66.15425563219407
Karamoja,Focus region,1993-07,7,1993,84.50149283570735
Lake Victoria basin,Focus region,1993-07,7,1993,9.920605719544492
Northern Region region,Admin region (AEZ stand-in),1993-07,7,1993,113.11708519731928
Eastern Region region,Admin region (AEZ stand-in),1993-07,7,1993,58.56789639756724
Central Region region,Admin region (AEZ stand-in),1993-07,7,1993,21.101728296431776
Western Region region,Admin region (AEZ stand-in),1993-07,7,1993,25.379582009663412
Uganda (national),Reference,1993-08,8,1993,102.77600510391412
Karamoja,Focus region,1993-08,8,1993,79.7111762070182
Lake Victoria basin,Focus region,1993-08,8,1993,64.3551521033368
Northern Region region,Admin region (AEZ stand-in),1993-08,8,1993,114.01781294699425
Eastern Region region,Admin region (AEZ stand-in),1993-08,8,1993,129.91471303630718
Central Region region,Admin region (AEZ stand-in),1993-08,8,1993,67.12656013806277
Western Region region,Admin region (AEZ stand-in),1993-08,8,1993,95.63530269096162
Uganda (national),Reference,1993-09,9,1993,101.32705035834833
Karamoja,Focus region,1993-09,9,1993,53.306961276695475
Lake Victoria basin,Focus region,1993-09,9,1993,65.06249115363714
Northern Region region,Admin region (AEZ stand-in),1993-09,9,1993,101.47928052261207
Eastern Region region,Admin region (AEZ stand-in),1993-09,9,1993,122.21268915957758
Central Region region,Admin region (AEZ stand-in),1993-09,9,1993,93.07006584887174
Western Region region,Admin region (AEZ stand-in),1993-09,9,1993,95.39652432809439
Uganda (national),Reference,1993-10,10,1993,105.93766711731337
Karamoja,Focus region,1993-10,10,1993,35.82650094874137
Lake Victoria basin,Focus region,1993-10,10,1993,113.22503460723921
Northern Region region,Admin region (AEZ stand-in),1993-10,10,1993,94.85632360149997
Eastern Region region,Admin region (AEZ stand-in),1993-10,10,1993,93.43250737175919
Central Region region,Admin region (AEZ stand-in),1993-10,10,1993,110.58703655583392
Western Region region,Admin region (AEZ stand-in),1993-10,10,1993,127.99304039822708
Uganda (national),Reference,1993-11,11,1993,93.77731129154306
Karamoja,Focus region,1993-11,11,1993,40.37842883306078
Lake Victoria basin,Focus region,1993-11,11,1993,122.4701088608789
Northern Region region,Admin region (AEZ stand-in),1993-11,11,1993,64.88597755883269
Eastern Region region,Admin region (AEZ stand-in),1993-11,11,1993,80.79518556468975
Central Region region,Admin region (AEZ stand-in),1993-11,11,1993,116.28315176398664
Western Region region,Admin region (AEZ stand-in),1993-11,11,1993,132.7653298317431
Uganda (national),Reference,1993-12,12,1993,48.583012826212176
Karamoja,Focus region,1993-12,12,1993,9.681005867102733
Lake Victoria basin,Focus region,1993-12,12,1993,82.5959020296481
Northern Region region,Admin region (AEZ stand-in),1993-12,12,1993,22.13732272363789
Eastern Region region,Admin region (AEZ stand-in),1993-12,12,1993,29.50401145646407
Central Region region,Admin region (AEZ stand-in),1993-12,12,1993,61.778954091154596
Western Region region,Admin region (AEZ stand-in),1993-12,12,1993,94.05174874632449
Uganda (national),Reference,1994-01,1,1994,24.739461307482955
Karamoja,Focus region,1994-01,1,1994,4.875951941923349
Lake Victoria basin,Focus region,1994-01,1,1994,49.29963573796823
Northern Region region,Admin region (AEZ stand-in),1994-01,1,1994,7.033405147850132
Eastern Region region,Admin region (AEZ stand-in),1994-01,1,1994,29.2006533164167
Central Region region,Admin region (AEZ stand-in),1994-01,1,1994,39.056502280509115
Western Region region,Admin region (AEZ stand-in),1994-01,1,1994,41.2303588200581
Uganda (national),Reference,1994-02,2,1994,26.164160943188502
Karamoja,Focus region,1994-02,2,1994,9.873308948540625
Lake Victoria basin,Focus region,1994-02,2,1994,56.32977075317746
Northern Region region,Admin region (AEZ stand-in),1994-02,2,1994,8.762703036257294
Eastern Region region,Admin region (AEZ stand-in),1994-02,2,1994,27.789567176026186
Central Region region,Admin region (AEZ stand-in),1994-02,2,1994,56.047057488230244
Western Region region,Admin region (AEZ stand-in),1994-02,2,1994,31.822212214034888
Uganda (national),Reference,1994-03,3,1994,86.0260793422099
Karamoja,Focus region,1994-03,3,1994,49.23573924271257
Lake Victoria basin,Focus region,1994-03,3,1994,107.84223781454395
Northern Region region,Admin region (AEZ stand-in),1994-03,3,1994,61.94371568017928
Eastern Region region,Admin region (AEZ stand-in),1994-03,3,1994,108.1766140831041
Central Region region,Admin region (AEZ stand-in),1994-03,3,1994,112.73338164260358
Western Region region,Admin region (AEZ stand-in),1994-03,3,1994,93.72089791094436
Uganda (national),Reference,1994-04,4,1994,145.46406837641226
Karamoja,Focus region,1994-04,4,1994,112.14214681916955
Lake Victoria basin,Focus region,1994-04,4,1994,144.1921298290488
Northern Region region,Admin region (AEZ stand-in),1994-04,4,1994,131.17190798858783
Eastern Region region,Admin region (AEZ stand-in),1994-04,4,1994,173.27298792464515
Central Region region,Admin region (AEZ stand-in),1994-04,4,1994,162.19931774279695
Western Region region,Admin region (AEZ stand-in),1994-04,4,1994,141.02581410742832
Uganda (national),Reference,1994-05,5,1994,156.83000849965336
Karamoja,Focus region,1994-05,5,1994,125.20491186809845
Lake Victoria basin,Focus region,1994-05,5,1994,164.72558443423662
Northern Region region,Admin region (AEZ stand-in),1994-05,5,1994,153.19176789365375
Eastern Region region,Admin region (AEZ stand-in),1994-05,5,1994,187.80408830045914
Central Region region,Admin region (AEZ stand-in),1994-05,5,1994,172.26687158366988
Western Region region,Admin region (AEZ stand-in),1994-05,5,1994,133.3898116420324
Uganda (national),Reference,1994-06,6,1994,105.11364798154793
Karamoja,Focus region,1994-06,6,1994,122.04993767974976
Lake Victoria basin,Focus region,1994-06,6,1994,35.38373569559179
Northern Region region,Admin region (AEZ stand-in),1994-06,6,1994,149.64060632408646
Eastern Region region,Admin region (AEZ stand-in),1994-06,6,1994,132.57816229158533
Central Region region,Admin region (AEZ stand-in),1994-06,6,1994,55.70648605674468
Western Region region,Admin region (AEZ stand-in),1994-06,6,1994,52.07528891175462
Uganda (national),Reference,1994-07,7,1994,115.9169497190886
Karamoja,Focus region,1994-07,7,1994,128.68167667531984
Lake Victoria basin,Focus region,1994-07,7,1994,32.640962987466274
Northern Region region,Admin region (AEZ stand-in),1994-07,7,1994,178.78161428156062
Eastern Region region,Admin region (AEZ stand-in),1994-07,7,1994,126.21251541905981
Central Region region,Admin region (AEZ stand-in),1994-07,7,1994,51.71828542909788
Western Region region,Admin region (AEZ stand-in),1994-07,7,1994,52.79538780115706
Uganda (national),Reference,1994-08,8,1994,137.48124435279092
Karamoja,Focus region,1994-08,8,1994,130.73886817744867
Lake Victoria basin,Focus region,1994-08,8,1994,82.186372965668
Northern Region region,Admin region (AEZ stand-in),1994-08,8,1994,176.63220383383327
Eastern Region region,Admin region (AEZ stand-in),1994-08,8,1994,128.59037999346168
Central Region region,Admin region (AEZ stand-in),1994-08,8,1994,103.33251201948794
Western Region region,Admin region (AEZ stand-in),1994-08,8,1994,102.43902984821158
Uganda (national),Reference,1994-09,9,1994,101.65651812671219
Karamoja,Focus region,1994-09,9,1994,46.94703396428901
Lake Victoria basin,Focus region,1994-09,9,1994,82.99904163055503
Northern Region region,Admin region (AEZ stand-in),1994-09,9,1994,96.7197084634651
Eastern Region region,Admin region (AEZ stand-in),1994-09,9,1994,87.60336979254714
Central Region region,Admin region (AEZ stand-in),1994-09,9,1994,98.28452884291424
Western Region region,Admin region (AEZ stand-in),1994-09,9,1994,120.47535485707317
Uganda (national),Reference,1994-10,10,1994,134.68441732079583
Karamoja,Focus region,1994-10,10,1994,49.23592530417399
Lake Victoria basin,Focus region,1994-10,10,1994,140.31783938243834
Northern Region region,Admin region (AEZ stand-in),1994-10,10,1994,124.52909243564885
Eastern Region region,Admin region (AEZ stand-in),1994-10,10,1994,118.70748155503924
Central Region region,Admin region (AEZ stand-in),1994-10,10,1994,150.41152088228512
Western Region region,Admin region (AEZ stand-in),1994-10,10,1994,148.73734400412502
Uganda (national),Reference,1994-11,11,1994,138.5291280149003
Karamoja,Focus region,1994-11,11,1994,61.17799114157397
Lake Victoria basin,Focus region,1994-11,11,1994,167.68958914616348
Northern Region region,Admin region (AEZ stand-in),1994-11,11,1994,113.90712257174447
Eastern Region region,Admin region (AEZ stand-in),1994-11,11,1994,149.98510821705483
Central Region region,Admin region (AEZ stand-in),1994-11,11,1994,158.66366164476528
Western Region region,Admin region (AEZ stand-in),1994-11,11,1994,158.16651555317836
Uganda (national),Reference,1994-12,12,1994,41.517603510082445
Karamoja,Focus region,1994-12,12,1994,14.336151731501959
Lake Victoria basin,Focus region,1994-12,12,1994,90.22728454816853
Northern Region region,Admin region (AEZ stand-in),1994-12,12,1994,14.664203602886714
Eastern Region region,Admin region (AEZ stand-in),1994-12,12,1994,33.7064992172676
Central Region region,Admin region (AEZ stand-in),1994-12,12,1994,68.0081366365701
Western Region region,Admin region (AEZ stand-in),1994-12,12,1994,71.18162313536479
Uganda (national),Reference,1995-01,1,1995,21.286794489124446
Karamoja,Focus region,1995-01,1,1995,3.967865408598934
Lake Victoria basin,Focus region,1995-01,1,1995,46.382661346939926
Northern Region region,Admin region (AEZ stand-in),1995-01,1,1995,4.612519792062726
Eastern Region region,Admin region (AEZ stand-in),1995-01,1,1995,26.805500502294063
Central Region region,Admin region (AEZ stand-in),1995-01,1,1995,32.27000496950945
Western Region region,Admin region (AEZ stand-in),1995-01,1,1995,37.99030104327915
Uganda (national),Reference,1995-02,2,1995,32.921869599540116
Karamoja,Focus region,1995-02,2,1995,15.113487054306333
Lake Victoria basin,Focus region,1995-02,2,1995,54.50140333545745
Northern Region region,Admin region (AEZ stand-in),1995-02,2,1995,12.798508551669011
Eastern Region region,Admin region (AEZ stand-in),1995-02,2,1995,47.81549604916499
Central Region region,Admin region (AEZ stand-in),1995-02,2,1995,52.8014711092053
Western Region region,Admin region (AEZ stand-in),1995-02,2,1995,43.325561025106296
Uganda (national),Reference,1995-03,3,1995,97.09754962281222
Karamoja,Focus region,1995-03,3,1995,52.38043293692866
Lake Victoria basin,Focus region,1995-03,3,1995,135.61519283999314
Northern Region region,Admin region (AEZ stand-in),1995-03,3,1995,64.23228275731189
Eastern Region region,Admin region (AEZ stand-in),1995-03,3,1995,100.68358087807351
Central Region region,Admin region (AEZ stand-in),1995-03,3,1995,142.6732379626479
Western Region region,Admin region (AEZ stand-in),1995-03,3,1995,115.66494539754062
Uganda (national),Reference,1995-04,4,1995,156.7269190052898
Karamoja,Focus region,1995-04,4,1995,87.61057421793176
Lake Victoria basin,Focus region,1995-04,4,1995,162.61790407891874
Northern Region region,Admin region (AEZ stand-in),1995-04,4,1995,125.19260988756209
Eastern Region region,Admin region (AEZ stand-in),1995-04,4,1995,191.27729692861482
Central Region region,Admin region (AEZ stand-in),1995-04,4,1995,184.20487129084003
Western Region region,Admin region (AEZ stand-in),1995-04,4,1995,169.304588503792
Uganda (national),Reference,1995-05,5,1995,129.70063629000933
Karamoja,Focus region,1995-05,5,1995,103.10816057713058
Lake Victoria basin,Focus region,1995-05,5,1995,134.52092551645947
Northern Region region,Admin region (AEZ stand-in),1995-05,5,1995,137.09815178880888
Eastern Region region,Admin region (AEZ stand-in),1995-05,5,1995,156.4346375710841
Central Region region,Admin region (AEZ stand-in),1995-05,5,1995,147.42298540915544
Western Region region,Admin region (AEZ stand-in),1995-05,5,1995,88.385071715958
Uganda (national),Reference,1995-06,6,1995,88.1153221526243
Karamoja,Focus region,1995-06,6,1995,102.30571864927282
Lake Victoria basin,Focus region,1995-06,6,1995,41.0316494560485
Northern Region region,Admin region (AEZ stand-in),1995-06,6,1995,112.5673237136842
Eastern Region region,Admin region (AEZ stand-in),1995-06,6,1995,104.96712845590523
Central Region region,Admin region (AEZ stand-in),1995-06,6,1995,47.54449119355445
Western Region region,Admin region (AEZ stand-in),1995-06,6,1995,68.28971073670573
Uganda (national),Reference,1995-07,7,1995,112.7331602077515
Karamoja,Focus region,1995-07,7,1995,138.192934738887
Lake Victoria basin,Focus region,1995-07,7,1995,38.300356057632534
Northern Region region,Admin region (AEZ stand-in),1995-07,7,1995,153.4440217615777
Eastern Region region,Admin region (AEZ stand-in),1995-07,7,1995,162.8660386455152
Central Region region,Admin region (AEZ stand-in),1995-07,7,1995,71.34495778591675
Western Region region,Admin region (AEZ stand-in),1995-07,7,1995,47.0576996079541
Uganda (national),Reference,1995-08,8,1995,98.59441349582167
Karamoja,Focus region,1995-08,8,1995,77.37266502567786
Lake Victoria basin,Focus region,1995-08,8,1995,33.97538005568493
Northern Region region,Admin region (AEZ stand-in),1995-08,8,1995,133.05371274329704
Eastern Region region,Admin region (AEZ stand-in),1995-08,8,1995,111.34945934121403
Central Region region,Admin region (AEZ stand-in),1995-08,8,1995,63.73929395469969
Western Region region,Admin region (AEZ stand-in),1995-08,8,1995,59.54315511544538
Uganda (national),Reference,1995-09,9,1995,129.26212837146247
Karamoja,Focus region,1995-09,9,1995,80.53765210787762
Lake Victoria basin,Focus region,1995-09,9,1995,113.2599671356603
Northern Region region,Admin region (AEZ stand-in),1995-09,9,1995,126.37731282945144
Eastern Region region,Admin region (AEZ stand-in),1995-09,9,1995,133.96111966123306
Central Region region,Admin region (AEZ stand-in),1995-09,9,1995,125.01013391519714
Western Region region,Admin region (AEZ stand-in),1995-09,9,1995,134.6619857135977
Uganda (national),Reference,1995-10,10,1995,141.72142768447537
Karamoja,Focus region,1995-10,10,1995,73.39980279127096
Lake Victoria basin,Focus region,1995-10,10,1995,129.48021110921127
Northern Region region,Admin region (AEZ stand-in),1995-10,10,1995,129.90583573164062
Eastern Region region,Admin region (AEZ stand-in),1995-10,10,1995,171.59679693103556
Central Region region,Admin region (AEZ stand-in),1995-10,10,1995,152.893215834843
Western Region region,Admin region (AEZ stand-in),1995-10,10,1995,136.23667998213188
Uganda (national),Reference,1995-11,11,1995,106.90585121125218
Karamoja,Focus region,1995-11,11,1995,32.78306964257059
Lake Victoria basin,Focus region,1995-11,11,1995,127.52957326572525
Northern Region region,Admin region (AEZ stand-in),1995-11,11,1995,85.7069254142723
Eastern Region region,Admin region (AEZ stand-in),1995-11,11,1995,110.67044352593926
Central Region region,Admin region (AEZ stand-in),1995-11,11,1995,106.45750581268565
Western Region region,Admin region (AEZ stand-in),1995-11,11,1995,140.95671529593133
Uganda (national),Reference,1995-12,12,1995,55.4539412843933
Karamoja,Focus region,1995-12,12,1995,29.159952142560808
Lake Victoria basin,Focus region,1995-12,12,1995,86.21345342347354
Northern Region region,Admin region (AEZ stand-in),1995-12,12,1995,39.280321201317584
Eastern Region region,Admin region (AEZ stand-in),1995-12,12,1995,47.677876033097334
Central Region region,Admin region (AEZ stand-in),1995-12,12,1995,72.38346793635596
Western Region region,Admin region (AEZ stand-in),1995-12,12,1995,74.3067947843163
Uganda (national),Reference,1996-01,1,1996,52.26790465531249
Karamoja,Focus region,1996-01,1,1996,15.936018114362659
Lake Victoria basin,Focus region,1996-01,1,1996,105.33478204860879
Northern Region region,Admin region (AEZ stand-in),1996-01,1,1996,20.539810131331812
Eastern Region region,Admin region (AEZ stand-in),1996-01,1,1996,48.594090147446195
Central Region region,Admin region (AEZ stand-in),1996-01,1,1996,97.21057359147858
Western Region region,Admin region (AEZ stand-in),1996-01,1,1996,73.5885969952571
Uganda (national),Reference,1996-02,2,1996,43.62270464547628
Karamoja,Focus region,1996-02,2,1996,20.158213021644524
Lake Victoria basin,Focus region,1996-02,2,1996,71.60221571528935
Northern Region region,Admin region (AEZ stand-in),1996-02,2,1996,21.739745483406043
Eastern Region region,Admin region (AEZ stand-in),1996-02,2,1996,61.13001648626512
Central Region region,Admin region (AEZ stand-in),1996-02,2,1996,71.03506413385487
Western Region region,Admin region (AEZ stand-in),1996-02,2,1996,49.74712013442187
Uganda (national),Reference,1996-03,3,1996,112.64483511504596
Karamoja,Focus region,1996-03,3,1996,76.11010682982604
Lake Victoria basin,Focus region,1996-03,3,1996,126.28774568662928
Northern Region region,Admin region (AEZ stand-in),1996-03,3,1996,86.21055734498411
Eastern Region region,Admin region (AEZ stand-in),1996-03,3,1996,170.7317113285498
Central Region region,Admin region (AEZ stand-in),1996-03,3,1996,132.86523719656523
Western Region region,Admin region (AEZ stand-in),1996-03,3,1996,108.90549712436689
Uganda (national),Reference,1996-04,4,1996,137.57105114705558
Karamoja,Focus region,1996-04,4,1996,102.25641953409243
Lake Victoria basin,Focus region,1996-04,4,1996,136.1978096808422
Northern Region region,Admin region (AEZ stand-in),1996-04,4,1996,127.97838220323176
Eastern Region region,Admin region (AEZ stand-in),1996-04,4,1996,175.776149755249
Central Region region,Admin region (AEZ stand-in),1996-04,4,1996,144.56842669193637
Western Region region,Admin region (AEZ stand-in),1996-04,4,1996,126.76052762876448
Uganda (national),Reference,1996-05,5,1996,138.73834968161617
Karamoja,Focus region,1996-05,5,1996,102.55967601798997
Lake Victoria basin,Focus region,1996-05,5,1996,102.46409038842008
Northern Region region,Admin region (AEZ stand-in),1996-05,5,1996,136.6183878338669
Eastern Region region,Admin region (AEZ stand-in),1996-05,5,1996,204.28031969769097
Central Region region,Admin region (AEZ stand-in),1996-05,5,1996,151.05003071820866
Western Region region,Admin region (AEZ stand-in),1996-05,5,1996,95.68401841932949
Uganda (national),Reference,1996-06,6,1996,102.6928825882544
Karamoja,Focus region,1996-06,6,1996,139.72966499666776
Lake Victoria basin,Focus region,1996-06,6,1996,43.176860567999995
Northern Region region,Admin region (AEZ stand-in),1996-06,6,1996,138.96000325395423
Eastern Region region,Admin region (AEZ stand-in),1996-06,6,1996,107.21850911980766
Central Region region,Admin region (AEZ stand-in),1996-06,6,1996,63.92125837441227
Western Region region,Admin region (AEZ stand-in),1996-06,6,1996,68.51131638749361
Uganda (national),Reference,1996-07,7,1996,97.45008073622498
Karamoja,Focus region,1996-07,7,1996,118.99699098484018
Lake Victoria basin,Focus region,1996-07,7,1996,39.242116723742456
Northern Region region,Admin region (AEZ stand-in),1996-07,7,1996,134.71723760532583
Eastern Region region,Admin region (AEZ stand-in),1996-07,7,1996,109.8745082679612
Central Region region,Admin region (AEZ stand-in),1996-07,7,1996,59.807271762888675
Western Region region,Admin region (AEZ stand-in),1996-07,7,1996,56.10446067783199
Uganda (national),Reference,1996-08,8,1996,147.44179007776646
Karamoja,Focus region,1996-08,8,1996,136.24749578424831
Lake Victoria basin,Focus region,1996-08,8,1996,94.76318084901041
Northern Region region,Admin region (AEZ stand-in),1996-08,8,1996,172.70407132901022
Eastern Region region,Admin region (AEZ stand-in),1996-08,8,1996,167.94982098054405
Central Region region,Admin region (AEZ stand-in),1996-08,8,1996,106.92311915793802
Western Region region,Admin region (AEZ stand-in),1996-08,8,1996,124.08656363915269
Uganda (national),Reference,1996-09,9,1996,132.31906698523113
Karamoja,Focus region,1996-09,9,1996,77.67705575787295
Lake Victoria basin,Focus region,1996-09,9,1996,117.14658613543062
Northern Region region,Admin region (AEZ stand-in),1996-09,9,1996,126.45593428181012
Eastern Region region,Admin region (AEZ stand-in),1996-09,9,1996,148.1164406365099
Central Region region,Admin region (AEZ stand-in),1996-09,9,1996,122.3131848805134
Western Region region,Admin region (AEZ stand-in),1996-09,9,1996,140.90663833468923
Uganda (national),Reference,1996-10,10,1996,132.8222002190672
Karamoja,Focus region,1996-10,10,1996,73.57201218010893
Lake Victoria basin,Focus region,1996-10,10,1996,115.85170989118022
Northern Region region,Admin region (AEZ stand-in),1996-10,10,1996,130.7846236153621
Eastern Region region,Admin region (AEZ stand-in),1996-10,10,1996,128.59976339164308
Central Region region,Admin region (AEZ stand-in),1996-10,10,1996,118.51852029768936
Western Region region,Admin region (AEZ stand-in),1996-10,10,1996,149.58134094414683
Uganda (national),Reference,1996-11,11,1996,115.67651855053874
Karamoja,Focus region,1996-11,11,1996,31.68372395267604
Lake Victoria basin,Focus region,1996-11,11,1996,160.00214129282173
Northern Region region,Admin region (AEZ stand-in),1996-11,11,1996,70.92168136122395
Eastern Region region,Admin region (AEZ stand-in),1996-11,11,1996,105.10404350182971
Central Region region,Admin region (AEZ stand-in),1996-11,11,1996,164.57618548707936
Western Region region,Admin region (AEZ stand-in),1996-11,11,1996,159.85900700322424
Uganda (national),Reference,1996-12,12,1996,49.427614718121426
Karamoja,Focus region,1996-12,12,1996,20.16014511276492
Lake Victoria basin,Focus region,1996-12,12,1996,95.60090911560081
Northern Region region,Admin region (AEZ stand-in),1996-12,12,1996,23.112436757686694
Eastern Region region,Admin region (AEZ stand-in),1996-12,12,1996,41.206102426475354
Central Region region,Admin region (AEZ stand-in),1996-12,12,1996,68.37678641500426
Western Region region,Admin region (AEZ stand-in),1996-12,12,1996,84.182916782773
Uganda (national),Reference,1997-01,1,1997,44.43006869656566
Karamoja,Focus region,1997-01,1,1997,16.290207446894552
Lake Victoria basin,Focus region,1997-01,1,1997,74.4141061854387
Northern Region region,Admin region (AEZ stand-in),1997-01,1,1997,18.818639337608367
Eastern Region region,Admin region (AEZ stand-in),1997-01,1,1997,44.36907040273005
Central Region region,Admin region (AEZ stand-in),1997-01,1,1997,71.8982134476933
Western Region region,Admin region (AEZ stand-in),1997-01,1,1997,66.83987498781717
Uganda (national),Reference,1997-02,2,1997,13.506071925156864
Karamoja,Focus region,1997-02,2,1997,6.804567402551175
Lake Victoria basin,Focus region,1997-02,2,1997,26.786413550413855
Northern Region region,Admin region (AEZ stand-in),1997-02,2,1997,7.431190980272349
Eastern Region region,Admin region (AEZ stand-in),1997-02,2,1997,9.429876675686481
Central Region region,Admin region (AEZ stand-in),1997-02,2,1997,25.012996625074862
Western Region region,Admin region (AEZ stand-in),1997-02,2,1997,17.303236013647165
Uganda (national),Reference,1997-03,3,1997,83.79812423854283
Karamoja,Focus region,1997-03,3,1997,58.02079419224518
Lake Victoria basin,Focus region,1997-03,3,1997,119.61575166883206
Northern Region region,Admin region (AEZ stand-in),1997-03,3,1997,61.4891432799786
Eastern Region region,Admin region (AEZ stand-in),1997-03,3,1997,85.31763360875318
Central Region region,Admin region (AEZ stand-in),1997-03,3,1997,114.14893953155692
Western Region region,Admin region (AEZ stand-in),1997-03,3,1997,97.4428064006314
Uganda (national),Reference,1997-04,4,1997,209.20867662751527
Karamoja,Focus region,1997-04,4,1997,153.73345163181898
Lake Victoria basin,Focus region,1997-04,4,1997,207.47759122748317
Northern Region region,Admin region (AEZ stand-in),1997-04,4,1997,206.93215833676774
Eastern Region region,Admin region (AEZ stand-in),1997-04,4,1997,219.9497013872603
Central Region region,Admin region (AEZ stand-in),1997-04,4,1997,227.18330375687088
Western Region region,Admin region (AEZ stand-in),1997-04,4,1997,193.0122521397647
Uganda (national),Reference,1997-05,5,1997,122.48607314020049
Karamoja,Focus region,1997-05,5,1997,93.486634684559
Lake Victoria basin,Focus region,1997-05,5,1997,129.7187015321433
Northern Region region,Admin region (AEZ stand-in),1997-05,5,1997,115.52452324978104
Eastern Region region,Admin region (AEZ stand-in),1997-05,5,1997,132.88383325349338
Central Region region,Admin region (AEZ stand-in),1997-05,5,1997,132.19749314477102
Western Region region,Admin region (AEZ stand-in),1997-05,5,1997,120.89606462789564
Uganda (national),Reference,1997-06,6,1997,80.06520306496732
Karamoja,Focus region,1997-06,6,1997,81.96470151108034
Lake Victoria basin,Focus region,1997-06,6,1997,41.38891239436454
Northern Region region,Admin region (AEZ stand-in),1997-06,6,1997,97.47984464747967
Eastern Region region,Admin region (AEZ stand-in),1997-06,6,1997,92.24264903826655
Central Region region,Admin region (AEZ stand-in),1997-06,6,1997,58.73799919171946
Western Region region,Admin region (AEZ stand-in),1997-06,6,1997,59.93451791898877
Uganda (national),Reference,1997-07,7,1997,92.86513676748244
Karamoja,Focus region,1997-07,7,1997,108.4588901362593
Lake Victoria basin,Focus region,1997-07,7,1997,38.71859957760117
Northern Region region,Admin region (AEZ stand-in),1997-07,7,1997,123.335935032961
Eastern Region region,Admin region (AEZ stand-in),1997-07,7,1997,106.81984313047624
Central Region region,Admin region (AEZ stand-in),1997-07,7,1997,62.635012095554885
Western Region region,Admin region (AEZ stand-in),1997-07,7,1997,56.39368108430788
Uganda (national),Reference,1997-08,8,1997,104.06422510452292
Karamoja,Focus region,1997-08,8,1997,100.22841603953775
Lake Victoria basin,Focus region,1997-08,8,1997,60.70596452188598
Northern Region region,Admin region (AEZ stand-in),1997-08,8,1997,135.0101119911727
Eastern Region region,Admin region (AEZ stand-in),1997-08,8,1997,115.12014071557982
Central Region region,Admin region (AEZ stand-in),1997-08,8,1997,84.09329718754547
Western Region region,Admin region (AEZ stand-in),1997-08,8,1997,60.69285251744003
Uganda (national),Reference,1997-09,9,1997,68.35749091360195
Karamoja,Focus region,1997-09,9,1997,36.34077574128639
Lake Victoria basin,Focus region,1997-09,9,1997,59.6760823267662
Northern Region region,Admin region (AEZ stand-in),1997-09,9,1997,66.9257714710698
Eastern Region region,Admin region (AEZ stand-in),1997-09,9,1997,47.80922637278519
Central Region region,Admin region (AEZ stand-in),1997-09,9,1997,71.58363171789657
Western Region region,Admin region (AEZ stand-in),1997-09,9,1997,79.97083433930217
Uganda (national),Reference,1997-10,10,1997,159.15432889272253
Karamoja,Focus region,1997-10,10,1997,105.86261298209115
Lake Victoria basin,Focus region,1997-10,10,1997,152.25852253112208
Northern Region region,Admin region (AEZ stand-in),1997-10,10,1997,153.72709293981828
Eastern Region region,Admin region (AEZ stand-in),1997-10,10,1997,182.14607654657726
Central Region region,Admin region (AEZ stand-in),1997-10,10,1997,176.4929181419418
Western Region region,Admin region (AEZ stand-in),1997-10,10,1997,141.82633099444655
Uganda (national),Reference,1997-11,11,1997,164.37911977698084
Karamoja,Focus region,1997-11,11,1997,117.54386775825283
Lake Victoria basin,Focus region,1997-11,11,1997,188.06541097483918
Northern Region region,Admin region (AEZ stand-in),1997-11,11,1997,137.12861089303243
Eastern Region region,Admin region (AEZ stand-in),1997-11,11,1997,177.81676424233993
Central Region region,Admin region (AEZ stand-in),1997-11,11,1997,210.022607718616
Western Region region,Admin region (AEZ stand-in),1997-11,11,1997,167.81515365923755
Uganda (national),Reference,1997-12,12,1997,102.65622515516303
Karamoja,Focus region,1997-12,12,1997,24.71651627703356
Lake Victoria basin,Focus region,1997-12,12,1997,172.04272149982526
Northern Region region,Admin region (AEZ stand-in),1997-12,12,1997,57.301322794100024
Eastern Region region,Admin region (AEZ stand-in),1997-12,12,1997,104.92333076443376
Central Region region,Admin region (AEZ stand-in),1997-12,12,1997,171.18499827771194
Western Region region,Admin region (AEZ stand-in),1997-12,12,1997,125.44936905461509
Uganda (national),Reference,1998-01,1,1998,55.58586789523462
Karamoja,Focus region,1998-01,1,1998,26.1631095935425
Lake Victoria basin,Focus region,1998-01,1,1998,100.42262432862778
Northern Region region,Admin region (AEZ stand-in),1998-01,1,1998,28.257645044471264
Eastern Region region,Admin region (AEZ stand-in),1998-01,1,1998,72.3242209127029
Central Region region,Admin region (AEZ stand-in),1998-01,1,1998,90.39377913003065
Western Region region,Admin region (AEZ stand-in),1998-01,1,1998,65.70943784644726
Uganda (national),Reference,1998-02,2,1998,41.55668021164896
Karamoja,Focus region,1998-02,2,1998,26.865812434883964
Lake Victoria basin,Focus region,1998-02,2,1998,58.432193994668
Northern Region region,Admin region (AEZ stand-in),1998-02,2,1998,23.70626648456896
Eastern Region region,Admin region (AEZ stand-in),1998-02,2,1998,57.135161277328045
Central Region region,Admin region (AEZ stand-in),1998-02,2,1998,53.01634425039659
Western Region region,Admin region (AEZ stand-in),1998-02,2,1998,54.27751362454796
Uganda (national),Reference,1998-03,3,1998,79.9744789581459
Karamoja,Focus region,1998-03,3,1998,34.35944982939205
Lake Victoria basin,Focus region,1998-03,3,1998,109.7896768458041
Northern Region region,Admin region (AEZ stand-in),1998-03,3,1998,52.416953978975386
Eastern Region region,Admin region (AEZ stand-in),1998-03,3,1998,73.23638129576612
Central Region region,Admin region (AEZ stand-in),1998-03,3,1998,120.35893954988246
Western Region region,Admin region (AEZ stand-in),1998-03,3,1998,99.37892938751762
Uganda (national),Reference,1998-04,4,1998,134.2082141623931
Karamoja,Focus region,1998-04,4,1998,64.79334255615802
Lake Victoria basin,Focus region,1998-04,4,1998,141.1862072851297
Northern Region region,Admin region (AEZ stand-in),1998-04,4,1998,108.48265073688594
Eastern Region region,Admin region (AEZ stand-in),1998-04,4,1998,158.16327771064218
Central Region region,Admin region (AEZ stand-in),1998-04,4,1998,173.9001879560137
Western Region region,Admin region (AEZ stand-in),1998-04,4,1998,133.5792202696822
Uganda (national),Reference,1998-05,5,1998,136.6415024780461
Karamoja,Focus region,1998-05,5,1998,126.63593224457081
Lake Victoria basin,Focus region,1998-05,5,1998,140.13703690802902
Northern Region region,Admin region (AEZ stand-in),1998-05,5,1998,135.08591447535028
Eastern Region region,Admin region (AEZ stand-in),1998-05,5,1998,160.33355536792916
Central Region region,Admin region (AEZ stand-in),1998-05,5,1998,145.70434486134968
Western Region region,Admin region (AEZ stand-in),1998-05,5,1998,118.87964387354916
Uganda (national),Reference,1998-06,6,1998,88.65113078414228
Karamoja,Focus region,1998-06,6,1998,138.70022035306175
Lake Victoria basin,Focus region,1998-06,6,1998,37.23038487350908
Northern Region region,Admin region (AEZ stand-in),1998-06,6,1998,129.89146156852888
Eastern Region region,Admin region (AEZ stand-in),1998-06,6,1998,111.48758925908412
Central Region region,Admin region (AEZ stand-in),1998-06,6,1998,48.92341294927157
Western Region region,Admin region (AEZ stand-in),1998-06,6,1998,36.36520312063698
Uganda (national),Reference,1998-07,7,1998,100.70841350157919
Karamoja,Focus region,1998-07,7,1998,109.06261409428154
Lake Victoria basin,Focus region,1998-07,7,1998,34.253122675421935
Northern Region region,Admin region (AEZ stand-in),1998-07,7,1998,139.06342355719636
Eastern Region region,Admin region (AEZ stand-in),1998-07,7,1998,114.10449040137735
Central Region region,Admin region (AEZ stand-in),1998-07,7,1998,66.25819485648628
Western Region region,Admin region (AEZ stand-in),1998-07,7,1998,54.460880310533994
Uganda (national),Reference,1998-08,8,1998,121.03915844813928
Karamoja,Focus region,1998-08,8,1998,121.6319827638936
Lake Victoria basin,Focus region,1998-08,8,1998,74.55967456259187
Northern Region region,Admin region (AEZ stand-in),1998-08,8,1998,155.9371932291586
Eastern Region region,Admin region (AEZ stand-in),1998-08,8,1998,121.54890637121476
Central Region region,Admin region (AEZ stand-in),1998-08,8,1998,100.4717389976315
Western Region region,Admin region (AEZ stand-in),1998-08,8,1998,77.4193958264751
Uganda (national),Reference,1998-09,9,1998,114.34057170539162
Karamoja,Focus region,1998-09,9,1998,66.73644527278363
Lake Victoria basin,Focus region,1998-09,9,1998,85.80946655026287
Northern Region region,Admin region (AEZ stand-in),1998-09,9,1998,115.64981878231231
Eastern Region region,Admin region (AEZ stand-in),1998-09,9,1998,130.20160940647932
Central Region region,Admin region (AEZ stand-in),1998-09,9,1998,111.53809459277247
Western Region region,Admin region (AEZ stand-in),1998-09,9,1998,105.16364239574162
Uganda (national),Reference,1998-10,10,1998,146.1334814034213
Karamoja,Focus region,1998-10,10,1998,105.22038575693402
Lake Victoria basin,Focus region,1998-10,10,1998,128.51454480514548
Northern Region region,Admin region (AEZ stand-in),1998-10,10,1998,156.14938208413014
Eastern Region region,Admin region (AEZ stand-in),1998-10,10,1998,141.71566657929054
Central Region region,Admin region (AEZ stand-in),1998-10,10,1998,127.53704544191345
Western Region region,Admin region (AEZ stand-in),1998-10,10,1998,145.99118071189545
Uganda (national),Reference,1998-11,11,1998,92.58925054006971
Karamoja,Focus region,1998-11,11,1998,44.232475303341026
Lake Victoria basin,Focus region,1998-11,11,1998,102.39619753937846
Northern Region region,Admin region (AEZ stand-in),1998-11,11,1998,72.6084463061333
Eastern Region region,Admin region (AEZ stand-in),1998-11,11,1998,105.50384579660017
Central Region region,Admin region (AEZ stand-in),1998-11,11,1998,93.17932969408004
Western Region region,Admin region (AEZ stand-in),1998-11,11,1998,118.608875341294
Uganda (national),Reference,1998-12,12,1998,31.973947218970228
Karamoja,Focus region,1998-12,12,1998,10.346622820721208
Lake Victoria basin,Focus region,1998-12,12,1998,61.288134818323776
Northern Region region,Admin region (AEZ stand-in),1998-12,12,1998,12.975015112878955
Eastern Region region,Admin region (AEZ stand-in),1998-12,12,1998,16.472868069086566
Central Region region,Admin region (AEZ stand-in),1998-12,12,1998,36.46214182687942
Western Region region,Admin region (AEZ stand-in),1998-12,12,1998,69.61630793552582
Uganda (national),Reference,1999-01,1,1999,36.90671626703064
Karamoja,Focus region,1999-01,1,1999,9.418252190993373
Lake Victoria basin,Focus region,1999-01,1,1999,72.79626151454109
Northern Region region,Admin region (AEZ stand-in),1999-01,1,1999,11.691795227105631
Eastern Region region,Admin region (AEZ stand-in),1999-01,1,1999,51.71228609071648
Central Region region,Admin region (AEZ stand-in),1999-01,1,1999,68.83930276933695
Western Region region,Admin region (AEZ stand-in),1999-01,1,1999,46.746035922107815
Uganda (national),Reference,1999-02,2,1999,24.16902632714312
Karamoja,Focus region,1999-02,2,1999,7.856522133925806
Lake Victoria basin,Focus region,1999-02,2,1999,36.37729617382008
Northern Region region,Admin region (AEZ stand-in),1999-02,2,1999,14.981961998515125
Eastern Region region,Admin region (AEZ stand-in),1999-02,2,1999,21.40208835777189
Central Region region,Admin region (AEZ stand-in),1999-02,2,1999,40.76666962417482
Western Region region,Admin region (AEZ stand-in),1999-02,2,1999,28.562668699718152
Uganda (national),Reference,1999-03,3,1999,122.5836778554807
Karamoja,Focus region,1999-03,3,1999,90.05458829366748
Lake Victoria basin,Focus region,1999-03,3,1999,133.05003799155497
Northern Region region,Admin region (AEZ stand-in),1999-03,3,1999,101.99562828385827
Eastern Region region,Admin region (AEZ stand-in),1999-03,3,1999,167.27240754120174
Central Region region,Admin region (AEZ stand-in),1999-03,3,1999,149.44376391674552
Western Region region,Admin region (AEZ stand-in),1999-03,3,1999,111.49502785623446
Uganda (national),Reference,1999-04,4,1999,144.11208771369627
Karamoja,Focus region,1999-04,4,1999,114.9689332695425
Lake Victoria basin,Focus region,1999-04,4,1999,153.87306078878106
Northern Region region,Admin region (AEZ stand-in),1999-04,4,1999,135.95761027090091
Eastern Region region,Admin region (AEZ stand-in),1999-04,4,1999,173.7360278810398
Central Region region,Admin region (AEZ stand-in),1999-04,4,1999,162.95947162176589
Western Region region,Admin region (AEZ stand-in),1999-04,4,1999,126.546673160017
Uganda (national),Reference,1999-05,5,1999,115.98651126734931
Karamoja,Focus region,1999-05,5,1999,66.6555363920476
Lake Victoria basin,Focus region,1999-05,5,1999,90.98107656845696
Northern Region region,Admin region (AEZ stand-in),1999-05,5,1999,111.76437835053461
Eastern Region region,Admin region (AEZ stand-in),1999-05,5,1999,156.42453174071065
Central Region region,Admin region (AEZ stand-in),1999-05,5,1999,137.97277220624375
Western Region region,Admin region (AEZ stand-in),1999-05,5,1999,83.2207449104529
Uganda (national),Reference,1999-06,6,1999,69.03384086664781
Karamoja,Focus region,1999-06,6,1999,58.538960706445614
Lake Victoria basin,Focus region,1999-06,6,1999,26.115575149904092
Northern Region region,Admin region (AEZ stand-in),1999-06,6,1999,90.61318079905391
Eastern Region region,Admin region (AEZ stand-in),1999-06,6,1999,89.61365933509985
Central Region region,Admin region (AEZ stand-in),1999-06,6,1999,48.689451240292414
Western Region region,Admin region (AEZ stand-in),1999-06,6,1999,36.295148250664624
Uganda (national),Reference,1999-07,7,1999,90.28188693139812
Karamoja,Focus region,1999-07,7,1999,109.62584530809332
Lake Victoria basin,Focus region,1999-07,7,1999,25.932339721085086
Northern Region region,Admin region (AEZ stand-in),1999-07,7,1999,128.68315784648937
Eastern Region region,Admin region (AEZ stand-in),1999-07,7,1999,114.02675253498565
Central Region region,Admin region (AEZ stand-in),1999-07,7,1999,48.95902760373681
Western Region region,Admin region (AEZ stand-in),1999-07,7,1999,43.4850967522041
Uganda (national),Reference,1999-08,8,1999,153.46828166809647
Karamoja,Focus region,1999-08,8,1999,108.72383182614435
Lake Victoria basin,Focus region,1999-08,8,1999,112.86983552706283
Northern Region region,Admin region (AEZ stand-in),1999-08,8,1999,179.3594366480268
Eastern Region region,Admin region (AEZ stand-in),1999-08,8,1999,149.17099610821523
Central Region region,Admin region (AEZ stand-in),1999-08,8,1999,123.62217284166496
Western Region region,Admin region (AEZ stand-in),1999-08,8,1999,134.88596154285537
Uganda (national),Reference,1999-09,9,1999,113.41142805942721
Karamoja,Focus region,1999-09,9,1999,64.02237153770947
Lake Victoria basin,Focus region,1999-09,9,1999,88.41864949930165
Northern Region region,Admin region (AEZ stand-in),1999-09,9,1999,127.59220555722102
Eastern Region region,Admin region (AEZ stand-in),1999-09,9,1999,121.34503764748669
Central Region region,Admin region (AEZ stand-in),1999-09,9,1999,91.93367613606813
Western Region region,Admin region (AEZ stand-in),1999-09,9,1999,101.40434719524026
Uganda (national),Reference,1999-10,10,1999,156.1128992607547
Karamoja,Focus region,1999-10,10,1999,90.82082001785443
Lake Victoria basin,Focus region,1999-10,10,1999,144.76703687833552
Northern Region region,Admin region (AEZ stand-in),1999-10,10,1999,148.68071973896642
Eastern Region region,Admin region (AEZ stand-in),1999-10,10,1999,169.44438263396532
Central Region region,Admin region (AEZ stand-in),1999-10,10,1999,155.32533495368756
Western Region region,Admin region (AEZ stand-in),1999-10,10,1999,161.62838629060596
Uganda (national),Reference,1999-11,11,1999,102.22218438292205
Karamoja,Focus region,1999-11,11,1999,22.73314915172188
Lake Victoria basin,Focus region,1999-11,11,1999,124.42912444054214
Northern Region region,Admin region (AEZ stand-in),1999-11,11,1999,62.48992172215882
Eastern Region region,Admin region (AEZ stand-in),1999-11,11,1999,97.12254912059117
Central Region region,Admin region (AEZ stand-in),1999-11,11,1999,131.63396858457017
Western Region region,Admin region (AEZ stand-in),1999-11,11,1999,149.7136475205393
Uganda (national),Reference,1999-12,12,1999,53.24978560109331
Karamoja,Focus region,1999-12,12,1999,21.043694077633525
Lake Victoria basin,Focus region,1999-12,12,1999,92.8408094864736
Northern Region region,Admin region (AEZ stand-in),1999-12,12,1999,25.523323861673003
Eastern Region region,Admin region (AEZ stand-in),1999-12,12,1999,55.517050172978536
Central Region region,Admin region (AEZ stand-in),1999-12,12,1999,75.41079509179352
Western Region region,Admin region (AEZ stand-in),1999-12,12,1999,81.94379583032678
Uganda (national),Reference,2000-01,1,2000,21.461794134196584
Karamoja,Focus region,2000-01,1,2000,4.025020243248325
Lake Victoria basin,Focus region,2000-01,1,2000,41.3160236870679
Northern Region region,Admin region (AEZ stand-in),2000-01,1,2000,7.849156650553086
Eastern Region region,Admin region (AEZ stand-in),2000-01,1,2000,19.846921857142906
Central Region region,Admin region (AEZ stand-in),2000-01,1,2000,34.65560063990153
Western Region region,Admin region (AEZ stand-in),2000-01,1,2000,35.33164072914207
Uganda (national),Reference,2000-02,2,2000,22.537298576627357
Karamoja,Focus region,2000-02,2,2000,9.022816157820666
Lake Victoria basin,Focus region,2000-02,2,2000,38.02311459581315
Northern Region region,Admin region (AEZ stand-in),2000-02,2,2000,10.902342054253516
Eastern Region region,Admin region (AEZ stand-in),2000-02,2,2000,22.932797470341676
Central Region region,Admin region (AEZ stand-in),2000-02,2,2000,34.582447369777
Western Region region,Admin region (AEZ stand-in),2000-02,2,2000,32.81030431365422
Uganda (national),Reference,2000-03,3,2000,61.46549822876664
Karamoja,Focus region,2000-03,3,2000,16.36576626475666
Lake Victoria basin,Focus region,2000-03,3,2000,81.13678249690649
Northern Region region,Admin region (AEZ stand-in),2000-03,3,2000,35.597584040213164
Eastern Region region,Admin region (AEZ stand-in),2000-03,3,2000,74.91688660800442
Central Region region,Admin region (AEZ stand-in),2000-03,3,2000,80.77937533047816
Western Region region,Admin region (AEZ stand-in),2000-03,3,2000,82.80447588264838
Uganda (national),Reference,2000-04,4,2000,155.70225272593632
Karamoja,Focus region,2000-04,4,2000,100.17962138161502
Lake Victoria basin,Focus region,2000-04,4,2000,149.80626829895962
Northern Region region,Admin region (AEZ stand-in),2000-04,4,2000,133.14045872736799
Eastern Region region,Admin region (AEZ stand-in),2000-04,4,2000,173.83351442986296
Central Region region,Admin region (AEZ stand-in),2000-04,4,2000,180.1973137522907
Western Region region,Admin region (AEZ stand-in),2000-04,4,2000,164.73441562698758
Uganda (national),Reference,2000-05,5,2000,128.0975749969643
Karamoja,Focus region,2000-05,5,2000,108.75267133190623
Lake Victoria basin,Focus region,2000-05,5,2000,117.0912448979595
Northern Region region,Admin region (AEZ stand-in),2000-05,5,2000,125.11068221282135
Eastern Region region,Admin region (AEZ stand-in),2000-05,5,2000,158.3883373813231
Central Region region,Admin region (AEZ stand-in),2000-05,5,2000,144.89224972117808
Western Region region,Admin region (AEZ stand-in),2000-05,5,2000,103.05138986012359
Uganda (national),Reference,2000-06,6,2000,90.79929984943406
Karamoja,Focus region,2000-06,6,2000,107.09950382495676
Lake Victoria basin,Focus region,2000-06,6,2000,29.173282952367497
Northern Region region,Admin region (AEZ stand-in),2000-06,6,2000,127.36133536903017
Eastern Region region,Admin region (AEZ stand-in),2000-06,6,2000,105.49495157485408
Central Region region,Admin region (AEZ stand-in),2000-06,6,2000,60.85002847624788
Western Region region,Admin region (AEZ stand-in),2000-06,6,2000,43.5340904278014
Uganda (national),Reference,2000-07,7,2000,95.1111422748849
Karamoja,Focus region,2000-07,7,2000,108.26707726474358
Lake Victoria basin,Focus region,2000-07,7,2000,37.33405857279263
Northern Region region,Admin region (AEZ stand-in),2000-07,7,2000,126.03216184275657
Eastern Region region,Admin region (AEZ stand-in),2000-07,7,2000,110.02174658795752
Central Region region,Admin region (AEZ stand-in),2000-07,7,2000,58.02235864745279
Western Region region,Admin region (AEZ stand-in),2000-07,7,2000,62.70790297930545
Uganda (national),Reference,2000-08,8,2000,127.5818853284209
Karamoja,Focus region,2000-08,8,2000,113.27144806026239
Lake Victoria basin,Focus region,2000-08,8,2000,67.13335737455962
Northern Region region,Admin region (AEZ stand-in),2000-08,8,2000,148.2587204859879
Eastern Region region,Admin region (AEZ stand-in),2000-08,8,2000,160.80544417461442
Central Region region,Admin region (AEZ stand-in),2000-08,8,2000,96.3838802085211
Western Region region,Admin region (AEZ stand-in),2000-08,8,2000,97.6074428057499
Uganda (national),Reference,2000-09,9,2000,112.68675168161865
Karamoja,Focus region,2000-09,9,2000,80.44649536327762
Lake Victoria basin,Focus region,2000-09,9,2000,85.97465425667892
Northern Region region,Admin region (AEZ stand-in),2000-09,9,2000,119.90149850595458
Eastern Region region,Admin region (AEZ stand-in),2000-09,9,2000,130.1664726726472
Central Region region,Admin region (AEZ stand-in),2000-09,9,2000,103.77712052032588
Western Region region,Admin region (AEZ stand-in),2000-09,9,2000,97.28953266982973
Uganda (national),Reference,2000-10,10,2000,147.08757878839964
Karamoja,Focus region,2000-10,10,2000,126.72045187892846
Lake Victoria basin,Focus region,2000-10,10,2000,147.22997639836075
Northern Region region,Admin region (AEZ stand-in),2000-10,10,2000,134.6838050160801
Eastern Region region,Admin region (AEZ stand-in),2000-10,10,2000,163.69319647725416
Central Region region,Admin region (AEZ stand-in),2000-10,10,2000,139.56571353764136
Western Region region,Admin region (AEZ stand-in),2000-10,10,2000,164.52534230400175
Uganda (national),Reference,2000-11,11,2000,107.67927149433277
Karamoja,Focus region,2000-11,11,2000,39.196479097121816
Lake Victoria basin,Focus region,2000-11,11,2000,139.95356232650155
Northern Region region,Admin region (AEZ stand-in),2000-11,11,2000,71.69134686840336
Eastern Region region,Admin region (AEZ stand-in),2000-11,11,2000,105.11455258221251
Central Region region,Admin region (AEZ stand-in),2000-11,11,2000,144.2456042005064
Western Region region,Admin region (AEZ stand-in),2000-11,11,2000,142.0169450582927
Uganda (national),Reference,2000-12,12,2000,55.13055259182146
Karamoja,Focus region,2000-12,12,2000,15.454890214005966
Lake Victoria basin,Focus region,2000-12,12,2000,112.23645401131424
Northern Region region,Admin region (AEZ stand-in),2000-12,12,2000,18.500679896324066
Eastern Region region,Admin region (AEZ stand-in),2000-12,12,2000,56.6361466657555
Central Region region,Admin region (AEZ stand-in),2000-12,12,2000,101.79530956372054
Western Region region,Admin region (AEZ stand-in),2000-12,12,2000,80.50686326279012
Uganda (national),Reference,2001-01,1,2001,36.585611128228486
Karamoja,Focus region,2001-01,1,2001,18.255492745643355
Lake Victoria basin,Focus region,2001-01,1,2001,63.44081591135002
Northern Region region,Admin region (AEZ stand-in),2001-01,1,2001,16.066219982571102
Eastern Region region,Admin region (AEZ stand-in),2001-01,1,2001,62.76122115672214
Central Region region,Admin region (AEZ stand-in),2001-01,1,2001,62.65593464362136
Western Region region,Admin region (AEZ stand-in),2001-01,1,2001,36.45108278608023
Uganda (national),Reference,2001-02,2,2001,25.76369189514153
Karamoja,Focus region,2001-02,2,2001,8.031362645012486
Lake Victoria basin,Focus region,2001-02,2,2001,45.814122041305055
Northern Region region,Admin region (AEZ stand-in),2001-02,2,2001,9.445221906253225
Eastern Region region,Admin region (AEZ stand-in),2001-02,2,2001,28.455087065079244
Central Region region,Admin region (AEZ stand-in),2001-02,2,2001,42.59046667121293
Western Region region,Admin region (AEZ stand-in),2001-02,2,2001,38.985781780554554
Uganda (national),Reference,2001-03,3,2001,124.13428072673395
Karamoja,Focus region,2001-03,3,2001,88.21577897759401
Lake Victoria basin,Focus region,2001-03,3,2001,133.3703106607994
Northern Region region,Admin region (AEZ stand-in),2001-03,3,2001,104.00674433405355
Eastern Region region,Admin region (AEZ stand-in),2001-03,3,2001,159.78084388437753
Central Region region,Admin region (AEZ stand-in),2001-03,3,2001,142.42954838549414
Western Region region,Admin region (AEZ stand-in),2001-03,3,2001,123.97614942841524
Uganda (national),Reference,2001-04,4,2001,169.10158034765516
Karamoja,Focus region,2001-04,4,2001,104.60080180429308
Lake Victoria basin,Focus region,2001-04,4,2001,175.4191491969596
Northern Region region,Admin region (AEZ stand-in),2001-04,4,2001,141.5348020508153
Eastern Region region,Admin region (AEZ stand-in),2001-04,4,2001,191.46817866609425
Central Region region,Admin region (AEZ stand-in),2001-04,4,2001,203.47764830675746
Western Region region,Admin region (AEZ stand-in),2001-04,4,2001,176.59894686758517
Uganda (national),Reference,2001-05,5,2001,140.88478881176388
Karamoja,Focus region,2001-05,5,2001,119.12017809798485
Lake Victoria basin,Focus region,2001-05,5,2001,105.64037806373695
Northern Region region,Admin region (AEZ stand-in),2001-05,5,2001,133.00115466945286
Eastern Region region,Admin region (AEZ stand-in),2001-05,5,2001,205.81196279188336
Central Region region,Admin region (AEZ stand-in),2001-05,5,2001,146.05945492103163
Western Region region,Admin region (AEZ stand-in),2001-05,5,2001,113.39221603144526
Uganda (national),Reference,2001-06,6,2001,99.63382594983209
Karamoja,Focus region,2001-06,6,2001,121.07388961775027
Lake Victoria basin,Focus region,2001-06,6,2001,38.99077909508256
Northern Region region,Admin region (AEZ stand-in),2001-06,6,2001,132.41730867968843
Eastern Region region,Admin region (AEZ stand-in),2001-06,6,2001,144.74111669455002
Central Region region,Admin region (AEZ stand-in),2001-06,6,2001,58.74560860173957
Western Region region,Admin region (AEZ stand-in),2001-06,6,2001,49.76370747001479
Uganda (national),Reference,2001-07,7,2001,119.0634024910255
Karamoja,Focus region,2001-07,7,2001,138.78376693377115
Lake Victoria basin,Focus region,2001-07,7,2001,46.26251005390681
Northern Region region,Admin region (AEZ stand-in),2001-07,7,2001,167.26776272918298
Eastern Region region,Admin region (AEZ stand-in),2001-07,7,2001,128.3254578847889
Central Region region,Admin region (AEZ stand-in),2001-07,7,2001,62.913462347180804
Western Region region,Admin region (AEZ stand-in),2001-07,7,2001,75.17694397664152
Uganda (national),Reference,2001-08,8,2001,125.17244733844458
Karamoja,Focus region,2001-08,8,2001,115.11461186241135
Lake Victoria basin,Focus region,2001-08,8,2001,64.83127094683127
Northern Region region,Admin region (AEZ stand-in),2001-08,8,2001,151.0543687492605
Eastern Region region,Admin region (AEZ stand-in),2001-08,8,2001,124.76319461762924
Central Region region,Admin region (AEZ stand-in),2001-08,8,2001,82.19185463284147
Western Region region,Admin region (AEZ stand-in),2001-08,8,2001,114.43065189026301
Uganda (national),Reference,2001-09,9,2001,123.82855375799244
Karamoja,Focus region,2001-09,9,2001,67.88714722601392
Lake Victoria basin,Focus region,2001-09,9,2001,138.53789276473054
Northern Region region,Admin region (AEZ stand-in),2001-09,9,2001,95.20962575017926
Eastern Region region,Admin region (AEZ stand-in),2001-09,9,2001,125.15617334560947
Central Region region,Admin region (AEZ stand-in),2001-09,9,2001,148.68884811369358
Western Region region,Admin region (AEZ stand-in),2001-09,9,2001,152.36358578585538
Uganda (national),Reference,2001-10,10,2001,185.2838097309214
Karamoja,Focus region,2001-10,10,2001,138.81368412214593
Lake Victoria basin,Focus region,2001-10,10,2001,159.91071046465999
Northern Region region,Admin region (AEZ stand-in),2001-10,10,2001,190.12246526874154
Eastern Region region,Admin region (AEZ stand-in),2001-10,10,2001,203.8231062418127
Central Region region,Admin region (AEZ stand-in),2001-10,10,2001,160.27722023268046
Western Region region,Admin region (AEZ stand-in),2001-10,10,2001,185.68917645190265
Uganda (national),Reference,2001-11,11,2001,133.27848432144538
Karamoja,Focus region,2001-11,11,2001,57.27058077076046
Lake Victoria basin,Focus region,2001-11,11,2001,141.32613395451367
Northern Region region,Admin region (AEZ stand-in),2001-11,11,2001,108.4345541330316
Eastern Region region,Admin region (AEZ stand-in),2001-11,11,2001,133.24587599080965
Central Region region,Admin region (AEZ stand-in),2001-11,11,2001,156.71852787774316
Western Region region,Admin region (AEZ stand-in),2001-11,11,2001,157.37774965574675
Uganda (national),Reference,2001-12,12,2001,36.4562740919038
Karamoja,Focus region,2001-12,12,2001,5.283534015327073
Lake Victoria basin,Focus region,2001-12,12,2001,69.9931660149496
Northern Region region,Admin region (AEZ stand-in),2001-12,12,2001,13.674768631469533
Eastern Region region,Admin region (AEZ stand-in),2001-12,12,2001,17.216528992593243
Central Region region,Admin region (AEZ stand-in),2001-12,12,2001,51.48600517783556
Western Region region,Admin region (AEZ stand-in),2001-12,12,2001,74.47614566347531
Uganda (national),Reference,2002-01,1,2002,35.34747370059358
Karamoja,Focus region,2002-01,1,2002,7.455873206550489
Lake Victoria basin,Focus region,2002-01,1,2002,79.808232358089
Northern Region region,Admin region (AEZ stand-in),2002-01,1,2002,9.458502835628815
Eastern Region region,Admin region (AEZ stand-in),2002-01,1,2002,34.534157833516424
Central Region region,Admin region (AEZ stand-in),2002-01,1,2002,69.18289734133714
Western Region region,Admin region (AEZ stand-in),2002-01,1,2002,53.739748043231174
Uganda (national),Reference,2002-02,2,2002,31.961363841589716
Karamoja,Focus region,2002-02,2,2002,7.2158168288101505
Lake Victoria basin,Focus region,2002-02,2,2002,64.8108634676094
Northern Region region,Admin region (AEZ stand-in),2002-02,2,2002,10.158238373588546
Eastern Region region,Admin region (AEZ stand-in),2002-02,2,2002,28.29511064748043
Central Region region,Admin region (AEZ stand-in),2002-02,2,2002,59.263896909299795
Western Region region,Admin region (AEZ stand-in),2002-02,2,2002,50.07404916305799
Uganda (national),Reference,2002-03,3,2002,117.08248190621033
Karamoja,Focus region,2002-03,3,2002,58.66836323658511
Lake Victoria basin,Focus region,2002-03,3,2002,150.04770165152468
Northern Region region,Admin region (AEZ stand-in),2002-03,3,2002,88.67487844175318
Eastern Region region,Admin region (AEZ stand-in),2002-03,3,2002,120.02471749413878
Central Region region,Admin region (AEZ stand-in),2002-03,3,2002,160.39762828726137
Western Region region,Admin region (AEZ stand-in),2002-03,3,2002,130.0921516132362
Uganda (national),Reference,2002-04,4,2002,149.05891428281606
Karamoja,Focus region,2002-04,4,2002,94.30983036819869
Lake Victoria basin,Focus region,2002-04,4,2002,156.706832659183
Northern Region region,Admin region (AEZ stand-in),2002-04,4,2002,120.65710218614586
Eastern Region region,Admin region (AEZ stand-in),2002-04,4,2002,196.47497429785034
Central Region region,Admin region (AEZ stand-in),2002-04,4,2002,192.98804475746257
Western Region region,Admin region (AEZ stand-in),2002-04,4,2002,136.43976369390606
Uganda (national),Reference,2002-05,5,2002,115.23462882290251
Karamoja,Focus region,2002-05,5,2002,110.80287181115368
Lake Victoria basin,Focus region,2002-05,5,2002,111.49018645864757
Northern Region region,Admin region (AEZ stand-in),2002-05,5,2002,107.69366963561215
Eastern Region region,Admin region (AEZ stand-in),2002-05,5,2002,148.35681560180376
Central Region region,Admin region (AEZ stand-in),2002-05,5,2002,107.65132405389673
Western Region region,Admin region (AEZ stand-in),2002-05,5,2002,115.0547899857019
Uganda (national),Reference,2002-06,6,2002,70.32848191570183
Karamoja,Focus region,2002-06,6,2002,62.338305698623365
Lake Victoria basin,Focus region,2002-06,6,2002,26.847834352750382
Northern Region region,Admin region (AEZ stand-in),2002-06,6,2002,99.3323379003279
Eastern Region region,Admin region (AEZ stand-in),2002-06,6,2002,82.27359698508802
Central Region region,Admin region (AEZ stand-in),2002-06,6,2002,46.398675243957754
Western Region region,Admin region (AEZ stand-in),2002-06,6,2002,32.692120021331256
Uganda (national),Reference,2002-07,7,2002,72.42658247552268
Karamoja,Focus region,2002-07,7,2002,67.36851105516257
Lake Victoria basin,Focus region,2002-07,7,2002,20.78606702481607
Northern Region region,Admin region (AEZ stand-in),2002-07,7,2002,110.0652734713617
Eastern Region region,Admin region (AEZ stand-in),2002-07,7,2002,72.76738100804494
Central Region region,Admin region (AEZ stand-in),2002-07,7,2002,32.143216230037375
Western Region region,Admin region (AEZ stand-in),2002-07,7,2002,39.33063782448083
Uganda (national),Reference,2002-08,8,2002,105.89482646245204
Karamoja,Focus region,2002-08,8,2002,90.46185125514539
Lake Victoria basin,Focus region,2002-08,8,2002,39.691765878421215
Northern Region region,Admin region (AEZ stand-in),2002-08,8,2002,140.92319035629149
Eastern Region region,Admin region (AEZ stand-in),2002-08,8,2002,111.55974665380585
Central Region region,Admin region (AEZ stand-in),2002-08,8,2002,51.718586102517534
Western Region region,Admin region (AEZ stand-in),2002-08,8,2002,84.79065872256581
Uganda (national),Reference,2002-09,9,2002,101.11299071378876
Karamoja,Focus region,2002-09,9,2002,48.67818621586283
Lake Victoria basin,Focus region,2002-09,9,2002,72.2173651584117
Northern Region region,Admin region (AEZ stand-in),2002-09,9,2002,112.71526727386373
Eastern Region region,Admin region (AEZ stand-in),2002-09,9,2002,100.56186950564394
Central Region region,Admin region (AEZ stand-in),2002-09,9,2002,99.9106965850943
Western Region region,Admin region (AEZ stand-in),2002-09,9,2002,82.6619231581227
Uganda (national),Reference,2002-10,10,2002,141.81601637131195
Karamoja,Focus region,2002-10,10,2002,78.51690053822611
Lake Victoria basin,Focus region,2002-10,10,2002,117.88684289672604
Northern Region region,Admin region (AEZ stand-in),2002-10,10,2002,133.59854091783168
Eastern Region region,Admin region (AEZ stand-in),2002-10,10,2002,177.25364742681163
Central Region region,Admin region (AEZ stand-in),2002-10,10,2002,118.38818706069993
Western Region region,Admin region (AEZ stand-in),2002-10,10,2002,153.5750980445462
Uganda (national),Reference,2002-11,11,2002,110.86400882963142
Karamoja,Focus region,2002-11,11,2002,40.45849186314078
Lake Victoria basin,Focus region,2002-11,11,2002,128.7604404079087
Northern Region region,Admin region (AEZ stand-in),2002-11,11,2002,79.90286363058253
Eastern Region region,Admin region (AEZ stand-in),2002-11,11,2002,125.1525687552237
Central Region region,Admin region (AEZ stand-in),2002-11,11,2002,160.66802110359097
Western Region region,Admin region (AEZ stand-in),2002-11,11,2002,116.856150923452
Uganda (national),Reference,2002-12,12,2002,85.67798817262523
Karamoja,Focus region,2002-12,12,2002,41.78538503504304
Lake Victoria basin,Focus region,2002-12,12,2002,108.97703753561115
Northern Region region,Admin region (AEZ stand-in),2002-12,12,2002,57.38843515210982
Eastern Region region,Admin region (AEZ stand-in),2002-12,12,2002,119.73835360230508
Central Region region,Admin region (AEZ stand-in),2002-12,12,2002,117.61512452340551
Western Region region,Admin region (AEZ stand-in),2002-12,12,2002,89.71753606168917
Uganda (national),Reference,2003-01,1,2003,30.960675870743916
Karamoja,Focus region,2003-01,1,2003,11.86666883361976
Lake Victoria basin,Focus region,2003-01,1,2003,47.591515985222294
Northern Region region,Admin region (AEZ stand-in),2003-01,1,2003,14.602723049878993
Eastern Region region,Admin region (AEZ stand-in),2003-01,1,2003,43.07789605710259
Central Region region,Admin region (AEZ stand-in),2003-01,1,2003,45.5509101952911
Western Region region,Admin region (AEZ stand-in),2003-01,1,2003,40.646901405306636
Uganda (national),Reference,2003-02,2,2003,27.679025823301767
Karamoja,Focus region,2003-02,2,2003,12.151822592277583
Lake Victoria basin,Focus region,2003-02,2,2003,33.41630863553322
Northern Region region,Admin region (AEZ stand-in),2003-02,2,2003,16.406325126640592
Eastern Region region,Admin region (AEZ stand-in),2003-02,2,2003,39.59482789767524
Central Region region,Admin region (AEZ stand-in),2003-02,2,2003,35.26915764418315
Western Region region,Admin region (AEZ stand-in),2003-02,2,2003,34.21014134987002
Uganda (national),Reference,2003-03,3,2003,82.0673390394837
Karamoja,Focus region,2003-03,3,2003,42.03299710871407
Lake Victoria basin,Focus region,2003-03,3,2003,103.16716929457318
Northern Region region,Admin region (AEZ stand-in),2003-03,3,2003,58.544643397081906
Eastern Region region,Admin region (AEZ stand-in),2003-03,3,2003,83.9073346642706
Central Region region,Admin region (AEZ stand-in),2003-03,3,2003,114.28796256686371
Western Region region,Admin region (AEZ stand-in),2003-03,3,2003,96.02667310991094
Uganda (national),Reference,2003-04,4,2003,164.64858494793785
Karamoja,Focus region,2003-04,4,2003,149.4070077016869
Lake Victoria basin,Focus region,2003-04,4,2003,138.88084594859706
Northern Region region,Admin region (AEZ stand-in),2003-04,4,2003,166.0336301389556
Eastern Region region,Admin region (AEZ stand-in),2003-04,4,2003,194.04410365585707
Central Region region,Admin region (AEZ stand-in),2003-04,4,2003,157.88849374191918
Western Region region,Admin region (AEZ stand-in),2003-04,4,2003,150.69306887986792
Uganda (national),Reference,2003-05,5,2003,151.32067824912895
Karamoja,Focus region,2003-05,5,2003,127.0991059830184
Lake Victoria basin,Focus region,2003-05,5,2003,135.4507226550241
Northern Region region,Admin region (AEZ stand-in),2003-05,5,2003,142.41552566729825
Eastern Region region,Admin region (AEZ stand-in),2003-05,5,2003,190.93936644092236
Central Region region,Admin region (AEZ stand-in),2003-05,5,2003,164.95041320578673
Western Region region,Admin region (AEZ stand-in),2003-05,5,2003,133.4149511693084
Uganda (national),Reference,2003-06,6,2003,114.47862413420711
Karamoja,Focus region,2003-06,6,2003,98.06442769389555
Lake Victoria basin,Focus region,2003-06,6,2003,57.59941456298789
Northern Region region,Admin region (AEZ stand-in),2003-06,6,2003,137.77045397533516
Eastern Region region,Admin region (AEZ stand-in),2003-06,6,2003,173.34381136164987
Central Region region,Admin region (AEZ stand-in),2003-06,6,2003,76.85048111650958
Western Region region,Admin region (AEZ stand-in),2003-06,6,2003,70.47709005370379
Uganda (national),Reference,2003-07,7,2003,99.60342801652239
Karamoja,Focus region,2003-07,7,2003,110.91752694510554
Lake Victoria basin,Focus region,2003-07,7,2003,35.23099577046308
Northern Region region,Admin region (AEZ stand-in),2003-07,7,2003,135.42068513765045
Eastern Region region,Admin region (AEZ stand-in),2003-07,7,2003,122.19574203975783
Central Region region,Admin region (AEZ stand-in),2003-07,7,2003,71.53704041422617
Western Region region,Admin region (AEZ stand-in),2003-07,7,2003,47.63023854913069
Uganda (national),Reference,2003-08,8,2003,144.4174495736301
Karamoja,Focus region,2003-08,8,2003,140.28175039397664
Lake Victoria basin,Focus region,2003-08,8,2003,76.43282625723633
Northern Region region,Admin region (AEZ stand-in),2003-08,8,2003,180.74601711810627
Eastern Region region,Admin region (AEZ stand-in),2003-08,8,2003,161.06203243385775
Central Region region,Admin region (AEZ stand-in),2003-08,8,2003,110.5361238744702
Western Region region,Admin region (AEZ stand-in),2003-08,8,2003,99.25659242861033
Uganda (national),Reference,2003-09,9,2003,110.02337127807692
Karamoja,Focus region,2003-09,9,2003,60.01095298799518
Lake Victoria basin,Focus region,2003-09,9,2003,98.89074623293736
Northern Region region,Admin region (AEZ stand-in),2003-09,9,2003,106.55648578088652
Eastern Region region,Admin region (AEZ stand-in),2003-09,9,2003,114.67937810978451
Central Region region,Admin region (AEZ stand-in),2003-09,9,2003,99.2879453989517
Western Region region,Admin region (AEZ stand-in),2003-09,9,2003,121.53130532460695
Uganda (national),Reference,2003-10,10,2003,105.08922579851645
Karamoja,Focus region,2003-10,10,2003,26.256869968732076
Lake Victoria basin,Focus region,2003-10,10,2003,124.45216421961312
Northern Region region,Admin region (AEZ stand-in),2003-10,10,2003,76.24926255069937
Eastern Region region,Admin region (AEZ stand-in),2003-10,10,2003,101.2882399191273
Central Region region,Admin region (AEZ stand-in),2003-10,10,2003,141.73494207026792
Western Region region,Admin region (AEZ stand-in),2003-10,10,2003,127.91058867451603
Uganda (national),Reference,2003-11,11,2003,108.30608724668191
Karamoja,Focus region,2003-11,11,2003,41.59340558637617
Lake Victoria basin,Focus region,2003-11,11,2003,104.21423498864898
Northern Region region,Admin region (AEZ stand-in),2003-11,11,2003,101.57053643101393
Eastern Region region,Admin region (AEZ stand-in),2003-11,11,2003,108.98798003331262
Central Region region,Admin region (AEZ stand-in),2003-11,11,2003,110.83237422681361
Western Region region,Admin region (AEZ stand-in),2003-11,11,2003,117.2044706648716
Uganda (national),Reference,2003-12,12,2003,54.64954752244177
Karamoja,Focus region,2003-12,12,2003,22.106388240274832
Lake Victoria basin,Focus region,2003-12,12,2003,76.44507330973711
Northern Region region,Admin region (AEZ stand-in),2003-12,12,2003,35.516997882256945
Eastern Region region,Admin region (AEZ stand-in),2003-12,12,2003,51.74110800603786
Central Region region,Admin region (AEZ stand-in),2003-12,12,2003,81.74541613423486
Western Region region,Admin region (AEZ stand-in),2003-12,12,2003,67.88867593459723
Uganda (national),Reference,2004-01,1,2004,53.43271743180904
Karamoja,Focus region,2004-01,1,2004,25.847143963081248
Lake Victoria basin,Focus region,2004-01,1,2004,74.06601038646419
Northern Region region,Admin region (AEZ stand-in),2004-01,1,2004,34.078905949033604
Eastern Region region,Admin region (AEZ stand-in),2004-01,1,2004,57.84544971150674
Central Region region,Admin region (AEZ stand-in),2004-01,1,2004,75.25403020715432
Western Region region,Admin region (AEZ stand-in),2004-01,1,2004,66.97498318085178
Uganda (national),Reference,2004-02,2,2004,41.44703360581217
Karamoja,Focus region,2004-02,2,2004,17.696547784163002
Lake Victoria basin,Focus region,2004-02,2,2004,64.77613895803346
Northern Region region,Admin region (AEZ stand-in),2004-02,2,2004,18.04205138325867
Eastern Region region,Admin region (AEZ stand-in),2004-02,2,2004,47.481991366719804
Central Region region,Admin region (AEZ stand-in),2004-02,2,2004,65.64004122859068
Western Region region,Admin region (AEZ stand-in),2004-02,2,2004,59.20661742675625
Uganda (national),Reference,2004-03,3,2004,73.46223700035263
Karamoja,Focus region,2004-03,3,2004,26.70592849918336
Lake Victoria basin,Focus region,2004-03,3,2004,111.13920994353056
Northern Region region,Admin region (AEZ stand-in),2004-03,3,2004,41.312970268688304
Eastern Region region,Admin region (AEZ stand-in),2004-03,3,2004,69.15897963853453
Central Region region,Admin region (AEZ stand-in),2004-03,3,2004,108.29753200611667
Western Region region,Admin region (AEZ stand-in),2004-03,3,2004,103.5530382530107
Uganda (national),Reference,2004-04,4,2004,161.91917659034684
Karamoja,Focus region,2004-04,4,2004,130.97710831686953
Lake Victoria basin,Focus region,2004-04,4,2004,150.94583038133965
Northern Region region,Admin region (AEZ stand-in),2004-04,4,2004,157.5368868552976
Eastern Region region,Admin region (AEZ stand-in),2004-04,4,2004,172.48037797944403
Central Region region,Admin region (AEZ stand-in),2004-04,4,2004,161.24387613353537
Western Region region,Admin region (AEZ stand-in),2004-04,4,2004,163.83488631160876
Uganda (national),Reference,2004-05,5,2004,108.70940579922106
Karamoja,Focus region,2004-05,5,2004,99.81574382462738
Lake Victoria basin,Focus region,2004-05,5,2004,94.49427393498407
Northern Region region,Admin region (AEZ stand-in),2004-05,5,2004,111.64252536708287
Eastern Region region,Admin region (AEZ stand-in),2004-05,5,2004,119.66861884392722
Central Region region,Admin region (AEZ stand-in),2004-05,5,2004,102.83518232915957
Western Region region,Admin region (AEZ stand-in),2004-05,5,2004,102.06449294164439
Uganda (national),Reference,2004-06,6,2004,57.63182084568181
Karamoja,Focus region,2004-06,6,2004,48.59681207480314
Lake Victoria basin,Focus region,2004-06,6,2004,22.761741475420674
Northern Region region,Admin region (AEZ stand-in),2004-06,6,2004,73.05304097918672
Eastern Region region,Admin region (AEZ stand-in),2004-06,6,2004,83.17000582599556
Central Region region,Admin region (AEZ stand-in),2004-06,6,2004,43.44760245842398
Western Region region,Admin region (AEZ stand-in),2004-06,6,2004,27.875495881680774
Uganda (national),Reference,2004-07,7,2004,76.32616450003914
Karamoja,Focus region,2004-07,7,2004,104.85207136583163
Lake Victoria basin,Focus region,2004-07,7,2004,20.282816844419965
Northern Region region,Admin region (AEZ stand-in),2004-07,7,2004,116.35781893367967
Eastern Region region,Admin region (AEZ stand-in),2004-07,7,2004,82.08177708616782
Central Region region,Admin region (AEZ stand-in),2004-07,7,2004,37.51986082169764
Western Region region,Admin region (AEZ stand-in),2004-07,7,2004,34.998135237066876
Uganda (national),Reference,2004-08,8,2004,129.81110119295607
Karamoja,Focus region,2004-08,8,2004,119.11225791848712
Lake Victoria basin,Focus region,2004-08,8,2004,59.7278743338201
Northern Region region,Admin region (AEZ stand-in),2004-08,8,2004,171.32896428452952
Eastern Region region,Admin region (AEZ stand-in),2004-08,8,2004,139.35620945412583
Central Region region,Admin region (AEZ stand-in),2004-08,8,2004,79.38201689756767
Western Region region,Admin region (AEZ stand-in),2004-08,8,2004,92.74241194577901
Uganda (national),Reference,2004-09,9,2004,124.17206230522338
Karamoja,Focus region,2004-09,9,2004,100.64455390440803
Lake Victoria basin,Focus region,2004-09,9,2004,97.66260316654946
Northern Region region,Admin region (AEZ stand-in),2004-09,9,2004,128.68834294907663
Eastern Region region,Admin region (AEZ stand-in),2004-09,9,2004,134.43298591303298
Central Region region,Admin region (AEZ stand-in),2004-09,9,2004,114.40978570792994
Western Region region,Admin region (AEZ stand-in),2004-09,9,2004,118.15882379492369
Uganda (national),Reference,2004-10,10,2004,117.33678497970347
Karamoja,Focus region,2004-10,10,2004,44.9343033083833
Lake Victoria basin,Focus region,2004-10,10,2004,112.33517699485178
Northern Region region,Admin region (AEZ stand-in),2004-10,10,2004,102.42371431287962
Eastern Region region,Admin region (AEZ stand-in),2004-10,10,2004,113.68391564899328
Central Region region,Admin region (AEZ stand-in),2004-10,10,2004,128.1553103523148
Western Region region,Admin region (AEZ stand-in),2004-10,10,2004,136.26004396197723
Uganda (national),Reference,2004-11,11,2004,102.73392840197491
Karamoja,Focus region,2004-11,11,2004,71.68472095502642
Lake Victoria basin,Focus region,2004-11,11,2004,103.56745638225892
Northern Region region,Admin region (AEZ stand-in),2004-11,11,2004,87.94459509082668
Eastern Region region,Admin region (AEZ stand-in),2004-11,11,2004,112.48970759468804
Central Region region,Admin region (AEZ stand-in),2004-11,11,2004,101.25822289780805
Western Region region,Admin region (AEZ stand-in),2004-11,11,2004,123.33415051951725
Uganda (national),Reference,2004-12,12,2004,54.19517444796566
Karamoja,Focus region,2004-12,12,2004,31.340851226930674
Lake Victoria basin,Focus region,2004-12,12,2004,85.63371678091467
Northern Region region,Admin region (AEZ stand-in),2004-12,12,2004,29.64618192103888
Eastern Region region,Admin region (AEZ stand-in),2004-12,12,2004,68.33839851094534
Central Region region,Admin region (AEZ stand-in),2004-12,12,2004,88.48356615829053
Western Region region,Admin region (AEZ stand-in),2004-12,12,2004,61.44719638932807
Uganda (national),Reference,2005-01,1,2005,26.838963454645377
Karamoja,Focus region,2005-01,1,2005,10.131290750443767
Lake Victoria basin,Focus region,2005-01,1,2005,51.71092890362021
Northern Region region,Admin region (AEZ stand-in),2005-01,1,2005,8.637249889742069
Eastern Region region,Admin region (AEZ stand-in),2005-01,1,2005,33.50044558352955
Central Region region,Admin region (AEZ stand-in),2005-01,1,2005,38.06516071156092
Western Region region,Admin region (AEZ stand-in),2005-01,1,2005,45.31751734262375
Uganda (national),Reference,2005-02,2,2005,29.003944302356764
Karamoja,Focus region,2005-02,2,2005,11.112197954095313
Lake Victoria basin,Focus region,2005-02,2,2005,37.341362889903266
Northern Region region,Admin region (AEZ stand-in),2005-02,2,2005,17.58792071746352
Eastern Region region,Admin region (AEZ stand-in),2005-02,2,2005,31.15960663855587
Central Region region,Admin region (AEZ stand-in),2005-02,2,2005,32.96331230841622
Western Region region,Admin region (AEZ stand-in),2005-02,2,2005,44.09800796608125
Uganda (national),Reference,2005-03,3,2005,95.85789978887665
Karamoja,Focus region,2005-03,3,2005,51.89782589129697
Lake Victoria basin,Focus region,2005-03,3,2005,122.8503627571705
Northern Region region,Admin region (AEZ stand-in),2005-03,3,2005,68.47874028526009
Eastern Region region,Admin region (AEZ stand-in),2005-03,3,2005,103.0832574904318
Central Region region,Admin region (AEZ stand-in),2005-03,3,2005,124.89993432445397
Western Region region,Admin region (AEZ stand-in),2005-03,3,2005,115.87177789935352
Uganda (national),Reference,2005-04,4,2005,125.08299216065332
Karamoja,Focus region,2005-04,4,2005,67.61114296317763
Lake Victoria basin,Focus region,2005-04,4,2005,147.17104332787926
Northern Region region,Admin region (AEZ stand-in),2005-04,4,2005,94.67937877020458
Eastern Region region,Admin region (AEZ stand-in),2005-04,4,2005,154.84624228074387
Central Region region,Admin region (AEZ stand-in),2005-04,4,2005,148.1620837341637
Western Region region,Admin region (AEZ stand-in),2005-04,4,2005,141.8935483034369
Uganda (national),Reference,2005-05,5,2005,162.20759988605977
Karamoja,Focus region,2005-05,5,2005,187.4077542383152
Lake Victoria basin,Focus region,2005-05,5,2005,128.65997414095492
Northern Region region,Admin region (AEZ stand-in),2005-05,5,2005,184.4859238125647
Eastern Region region,Admin region (AEZ stand-in),2005-05,5,2005,185.198559522841
Central Region region,Admin region (AEZ stand-in),2005-05,5,2005,161.4707459325588
Western Region region,Admin region (AEZ stand-in),2005-05,5,2005,111.89649553774957
Uganda (national),Reference,2005-06,6,2005,81.3241426863978
Karamoja,Focus region,2005-06,6,2005,75.9918934676683
Lake Victoria basin,Focus region,2005-06,6,2005,31.17198381366813
Northern Region region,Admin region (AEZ stand-in),2005-06,6,2005,111.72263780525134
Eastern Region region,Admin region (AEZ stand-in),2005-06,6,2005,85.61972154681393
Central Region region,Admin region (AEZ stand-in),2005-06,6,2005,41.07421212406325
Western Region region,Admin region (AEZ stand-in),2005-06,6,2005,58.197635115019615
Uganda (national),Reference,2005-07,7,2005,86.73588652634227
Karamoja,Focus region,2005-07,7,2005,94.87464303955696
Lake Victoria basin,Focus region,2005-07,7,2005,31.68870658577425
Northern Region region,Admin region (AEZ stand-in),2005-07,7,2005,111.99424680915756
Eastern Region region,Admin region (AEZ stand-in),2005-07,7,2005,118.77178154813015
Central Region region,Admin region (AEZ stand-in),2005-07,7,2005,62.36957175226965
Western Region region,Admin region (AEZ stand-in),2005-07,7,2005,44.45017487611249
Uganda (national),Reference,2005-08,8,2005,118.41004072732535
Karamoja,Focus region,2005-08,8,2005,77.5992547330915
Lake Victoria basin,Focus region,2005-08,8,2005,86.69999047610816
Northern Region region,Admin region (AEZ stand-in),2005-08,8,2005,122.93645873080247
Eastern Region region,Admin region (AEZ stand-in),2005-08,8,2005,132.1300762070138
Central Region region,Admin region (AEZ stand-in),2005-08,8,2005,109.83807047956513
Western Region region,Admin region (AEZ stand-in),2005-08,8,2005,109.5070542406309
Uganda (national),Reference,2005-09,9,2005,126.49134609325654
Karamoja,Focus region,2005-09,9,2005,108.24459877056543
Lake Victoria basin,Focus region,2005-09,9,2005,102.21065736464449
Northern Region region,Admin region (AEZ stand-in),2005-09,9,2005,125.96624841677381
Eastern Region region,Admin region (AEZ stand-in),2005-09,9,2005,135.66848691666016
Central Region region,Admin region (AEZ stand-in),2005-09,9,2005,111.61882413564567
Western Region region,Admin region (AEZ stand-in),2005-09,9,2005,133.53516077696702
Uganda (national),Reference,2005-10,10,2005,114.39457131800349
Karamoja,Focus region,2005-10,10,2005,47.51036224878371
Lake Victoria basin,Focus region,2005-10,10,2005,99.91165889984836
Northern Region region,Admin region (AEZ stand-in),2005-10,10,2005,107.23651173136315
Eastern Region region,Admin region (AEZ stand-in),2005-10,10,2005,115.15271299172832
Central Region region,Admin region (AEZ stand-in),2005-10,10,2005,101.50863925484302
Western Region region,Admin region (AEZ stand-in),2005-10,10,2005,135.89810837800954
Uganda (national),Reference,2005-11,11,2005,63.4351803097487
Karamoja,Focus region,2005-11,11,2005,18.699177223201602
Lake Victoria basin,Focus region,2005-11,11,2005,76.21171242852958
Northern Region region,Admin region (AEZ stand-in),2005-11,11,2005,43.39773642827541
Eastern Region region,Admin region (AEZ stand-in),2005-11,11,2005,58.433715552063454
Central Region region,Admin region (AEZ stand-in),2005-11,11,2005,76.74510667326643
Western Region region,Admin region (AEZ stand-in),2005-11,11,2005,89.9149147456889
Uganda (national),Reference,2005-12,12,2005,22.914925126750322
Karamoja,Focus region,2005-12,12,2005,3.922225234358588
Lake Victoria basin,Focus region,2005-12,12,2005,40.46322299775718
Northern Region region,Admin region (AEZ stand-in),2005-12,12,2005,7.717128393870445
Eastern Region region,Admin region (AEZ stand-in),2005-12,12,2005,14.630377571513097
Central Region region,Admin region (AEZ stand-in),2005-12,12,2005,38.83616813874992
Western Region region,Admin region (AEZ stand-in),2005-12,12,2005,41.14839925819603
Uganda (national),Reference,2006-01,1,2006,20.404594273871357
Karamoja,Focus region,2006-01,1,2006,2.8319645908369635
Lake Victoria basin,Focus region,2006-01,1,2006,46.004256356416086
Northern Region region,Admin region (AEZ stand-in),2006-01,1,2006,4.90474064233352
Eastern Region region,Admin region (AEZ stand-in),2006-01,1,2006,24.36623853412185
Central Region region,Admin region (AEZ stand-in),2006-01,1,2006,41.2957127401115
Western Region region,Admin region (AEZ stand-in),2006-01,1,2006,28.424319107994332
Uganda (national),Reference,2006-02,2,2006,37.57417796362885
Karamoja,Focus region,2006-02,2,2006,20.962908053982613
Lake Victoria basin,Focus region,2006-02,2,2006,47.40176922571755
Northern Region region,Admin region (AEZ stand-in),2006-02,2,2006,18.738535909040273
Eastern Region region,Admin region (AEZ stand-in),2006-02,2,2006,59.945356950028376
Central Region region,Admin region (AEZ stand-in),2006-02,2,2006,38.513869243022945
Western Region region,Admin region (AEZ stand-in),2006-02,2,2006,56.14826628074098
Uganda (national),Reference,2006-03,3,2006,111.81960259478801
Karamoja,Focus region,2006-03,3,2006,83.28493421996752
Lake Victoria basin,Focus region,2006-03,3,2006,104.89184512744792
Northern Region region,Admin region (AEZ stand-in),2006-03,3,2006,95.85883679440846
Eastern Region region,Admin region (AEZ stand-in),2006-03,3,2006,148.48950136211255
Central Region region,Admin region (AEZ stand-in),2006-03,3,2006,110.2624356925852
Western Region region,Admin region (AEZ stand-in),2006-03,3,2006,119.21423632397408
Uganda (national),Reference,2006-04,4,2006,181.75711511285516
Karamoja,Focus region,2006-04,4,2006,158.52616107730253
Lake Victoria basin,Focus region,2006-04,4,2006,175.99245766627263
Northern Region region,Admin region (AEZ stand-in),2006-04,4,2006,160.4551974558901
Eastern Region region,Admin region (AEZ stand-in),2006-04,4,2006,253.0075566490584
Central Region region,Admin region (AEZ stand-in),2006-04,4,2006,201.60658601351642
Western Region region,Admin region (AEZ stand-in),2006-04,4,2006,162.17044422718672
Uganda (national),Reference,2006-05,5,2006,150.3468442533272
Karamoja,Focus region,2006-05,5,2006,104.61872443362374
Lake Victoria basin,Focus region,2006-05,5,2006,146.13620979251334
Northern Region region,Admin region (AEZ stand-in),2006-05,5,2006,139.0288641905585
Eastern Region region,Admin region (AEZ stand-in),2006-05,5,2006,206.56873301361955
Central Region region,Admin region (AEZ stand-in),2006-05,5,2006,171.11828842730327
Western Region region,Admin region (AEZ stand-in),2006-05,5,2006,121.65614253354647
Uganda (national),Reference,2006-06,6,2006,64.33504296234601
Karamoja,Focus region,2006-06,6,2006,70.06870970962625
Lake Victoria basin,Focus region,2006-06,6,2006,33.11138260448129
Northern Region region,Admin region (AEZ stand-in),2006-06,6,2006,79.80427840295357
Eastern Region region,Admin region (AEZ stand-in),2006-06,6,2006,81.92587786973664
Central Region region,Admin region (AEZ stand-in),2006-06,6,2006,55.784976880129825
Western Region region,Admin region (AEZ stand-in),2006-06,6,2006,34.70397902329864
Uganda (national),Reference,2006-07,7,2006,68.827985172208
Karamoja,Focus region,2006-07,7,2006,70.78111389035104
Lake Victoria basin,Focus region,2006-07,7,2006,26.370212961518092
Northern Region region,Admin region (AEZ stand-in),2006-07,7,2006,98.6223255533705
Eastern Region region,Admin region (AEZ stand-in),2006-07,7,2006,83.62404450867791
Central Region region,Admin region (AEZ stand-in),2006-07,7,2006,37.253287642097945
Western Region region,Admin region (AEZ stand-in),2006-07,7,2006,34.11110360922637
Uganda (national),Reference,2006-08,8,2006,123.800426064102
Karamoja,Focus region,2006-08,8,2006,147.38185435153534
Lake Victoria basin,Focus region,2006-08,8,2006,87.698707282919
Northern Region region,Admin region (AEZ stand-in),2006-08,8,2006,145.25364634694827
Eastern Region region,Admin region (AEZ stand-in),2006-08,8,2006,114.81574688488774
Central Region region,Admin region (AEZ stand-in),2006-08,8,2006,91.02921563432544
Western Region region,Admin region (AEZ stand-in),2006-08,8,2006,117.95055609028424
Uganda (national),Reference,2006-09,9,2006,130.3672666619461
Karamoja,Focus region,2006-09,9,2006,89.17587358352073
Lake Victoria basin,Focus region,2006-09,9,2006,82.124944958669
Northern Region region,Admin region (AEZ stand-in),2006-09,9,2006,133.67965900563388
Eastern Region region,Admin region (AEZ stand-in),2006-09,9,2006,179.58602715356025
Central Region region,Admin region (AEZ stand-in),2006-09,9,2006,109.54255716361278
Western Region region,Admin region (AEZ stand-in),2006-09,9,2006,112.796766056905
Uganda (national),Reference,2006-10,10,2006,141.38591720435926
Karamoja,Focus region,2006-10,10,2006,128.2378010608145
Lake Victoria basin,Focus region,2006-10,10,2006,109.0064447443809
Northern Region region,Admin region (AEZ stand-in),2006-10,10,2006,157.19239047013497
Eastern Region region,Admin region (AEZ stand-in),2006-10,10,2006,136.00895858701952
Central Region region,Admin region (AEZ stand-in),2006-10,10,2006,114.9134159826032
Western Region region,Admin region (AEZ stand-in),2006-10,10,2006,137.94430393906657
Uganda (national),Reference,2006-11,11,2006,136.92793849896037
Karamoja,Focus region,2006-11,11,2006,108.20218380147236
Lake Victoria basin,Focus region,2006-11,11,2006,149.02544585504157
Northern Region region,Admin region (AEZ stand-in),2006-11,11,2006,109.57315146892081
Eastern Region region,Admin region (AEZ stand-in),2006-11,11,2006,218.69006545751006
Central Region region,Admin region (AEZ stand-in),2006-11,11,2006,144.622570345142
Western Region region,Admin region (AEZ stand-in),2006-11,11,2006,130.79154204036578
Uganda (national),Reference,2006-12,12,2006,72.05102856875057
Karamoja,Focus region,2006-12,12,2006,49.03694004283631
Lake Victoria basin,Focus region,2006-12,12,2006,114.42574969952912
Northern Region region,Admin region (AEZ stand-in),2006-12,12,2006,45.04273546983108
Eastern Region region,Admin region (AEZ stand-in),2006-12,12,2006,108.23928339849037
Central Region region,Admin region (AEZ stand-in),2006-12,12,2006,81.41785374461143
Western Region region,Admin region (AEZ stand-in),2006-12,12,2006,90.04121890233
Uganda (national),Reference,2007-01,1,2007,31.185038204290386
Karamoja,Focus region,2007-01,1,2007,14.801785236590865
Lake Victoria basin,Focus region,2007-01,1,2007,58.55601938782258
Northern Region region,Admin region (AEZ stand-in),2007-01,1,2007,12.437374528081612
Eastern Region region,Admin region (AEZ stand-in),2007-01,1,2007,41.88415173193391
Central Region region,Admin region (AEZ stand-in),2007-01,1,2007,54.19937226955967
Western Region region,Admin region (AEZ stand-in),2007-01,1,2007,39.24746509440501
Uganda (national),Reference,2007-02,2,2007,68.69511187178506
Karamoja,Focus region,2007-02,2,2007,44.26346232955903
Lake Victoria basin,Focus region,2007-02,2,2007,73.06460735041742
Northern Region region,Admin region (AEZ stand-in),2007-02,2,2007,52.45491801321459
Eastern Region region,Admin region (AEZ stand-in),2007-02,2,2007,102.75127153661391
Central Region region,Admin region (AEZ stand-in),2007-02,2,2007,75.99203484759569
Western Region region,Admin region (AEZ stand-in),2007-02,2,2007,71.30833437071357
Uganda (national),Reference,2007-03,3,2007,83.17234959027509
Karamoja,Focus region,2007-03,3,2007,38.074194639360115
Lake Victoria basin,Focus region,2007-03,3,2007,109.44959986513042
Northern Region region,Admin region (AEZ stand-in),2007-03,3,2007,48.317509183538995
Eastern Region region,Admin region (AEZ stand-in),2007-03,3,2007,107.98127476577422
Central Region region,Admin region (AEZ stand-in),2007-03,3,2007,122.470969225196
Western Region region,Admin region (AEZ stand-in),2007-03,3,2007,97.92097737385377
Uganda (national),Reference,2007-04,4,2007,125.13312580722656
Karamoja,Focus region,2007-04,4,2007,120.48938466076198
Lake Victoria basin,Focus region,2007-04,4,2007,129.00342729009822
Northern Region region,Admin region (AEZ stand-in),2007-04,4,2007,108.22809060529151
Eastern Region region,Admin region (AEZ stand-in),2007-04,4,2007,165.74756478057745
Central Region region,Admin region (AEZ stand-in),2007-04,4,2007,129.86430243561992
Western Region region,Admin region (AEZ stand-in),2007-04,4,2007,127.1097171478639
Uganda (national),Reference,2007-05,5,2007,148.24254056015087
Karamoja,Focus region,2007-05,5,2007,151.00128191564502
Lake Victoria basin,Focus region,2007-05,5,2007,121.87803749242953
Northern Region region,Admin region (AEZ stand-in),2007-05,5,2007,162.30953550547127
Eastern Region region,Admin region (AEZ stand-in),2007-05,5,2007,200.46472286627096
Central Region region,Admin region (AEZ stand-in),2007-05,5,2007,125.57797712298775
Western Region region,Admin region (AEZ stand-in),2007-05,5,2007,112.30141457077731
Uganda (national),Reference,2007-06,6,2007,114.15614857293902
Karamoja,Focus region,2007-06,6,2007,209.2505553479897
Lake Victoria basin,Focus region,2007-06,6,2007,47.12159605918974
Northern Region region,Admin region (AEZ stand-in),2007-06,6,2007,163.49208296371884
Eastern Region region,Admin region (AEZ stand-in),2007-06,6,2007,122.52103919501411
Central Region region,Admin region (AEZ stand-in),2007-06,6,2007,59.36144035855145
Western Region region,Admin region (AEZ stand-in),2007-06,6,2007,68.07379041656228
Uganda (national),Reference,2007-07,7,2007,132.64547197398548
Karamoja,Focus region,2007-07,7,2007,213.74660460684365
Lake Victoria basin,Focus region,2007-07,7,2007,61.619160998942455
Northern Region region,Admin region (AEZ stand-in),2007-07,7,2007,186.05188048392796
Eastern Region region,Admin region (AEZ stand-in),2007-07,7,2007,162.79749196123322
Central Region region,Admin region (AEZ stand-in),2007-07,7,2007,78.50929524322983
Western Region region,Admin region (AEZ stand-in),2007-07,7,2007,66.59421553497265
Uganda (national),Reference,2007-08,8,2007,154.13912345827188
Karamoja,Focus region,2007-08,8,2007,123.89120482963578
Lake Victoria basin,Focus region,2007-08,8,2007,75.95561492646955
Northern Region region,Admin region (AEZ stand-in),2007-08,8,2007,188.19063399093645
Eastern Region region,Admin region (AEZ stand-in),2007-08,8,2007,185.32967976420016
Central Region region,Admin region (AEZ stand-in),2007-08,8,2007,109.20325322438703
Western Region region,Admin region (AEZ stand-in),2007-08,8,2007,112.9972354528018
Uganda (national),Reference,2007-09,9,2007,157.65389298680026
Karamoja,Focus region,2007-09,9,2007,162.44267459603444
Lake Victoria basin,Focus region,2007-09,9,2007,123.99846213669237
Northern Region region,Admin region (AEZ stand-in),2007-09,9,2007,152.11631536775343
Eastern Region region,Admin region (AEZ stand-in),2007-09,9,2007,200.01365535667827
Central Region region,Admin region (AEZ stand-in),2007-09,9,2007,152.11095372080942
Western Region region,Admin region (AEZ stand-in),2007-09,9,2007,147.23543093086997
Uganda (national),Reference,2007-10,10,2007,89.72537719860021
Karamoja,Focus region,2007-10,10,2007,27.82857661517045
Lake Victoria basin,Focus region,2007-10,10,2007,86.98276479615929
Northern Region region,Admin region (AEZ stand-in),2007-10,10,2007,75.71109542803995
Eastern Region region,Admin region (AEZ stand-in),2007-10,10,2007,92.98570460279117
Central Region region,Admin region (AEZ stand-in),2007-10,10,2007,96.26375208714241
Western Region region,Admin region (AEZ stand-in),2007-10,10,2007,106.58086313714296
Uganda (national),Reference,2007-11,11,2007,79.15818852360697
Karamoja,Focus region,2007-11,11,2007,22.614988712720603
Lake Victoria basin,Focus region,2007-11,11,2007,100.46239061599066
Northern Region region,Admin region (AEZ stand-in),2007-11,11,2007,55.21366160694496
Eastern Region region,Admin region (AEZ stand-in),2007-11,11,2007,79.20712199600172
Central Region region,Admin region (AEZ stand-in),2007-11,11,2007,93.76625687997867
Western Region region,Admin region (AEZ stand-in),2007-11,11,2007,108.3812313998544
Uganda (national),Reference,2007-12,12,2007,49.60376143938702
Karamoja,Focus region,2007-12,12,2007,24.23656132660636
Lake Victoria basin,Focus region,2007-12,12,2007,67.4363628299765
Northern Region region,Admin region (AEZ stand-in),2007-12,12,2007,32.636309042093735
Eastern Region region,Admin region (AEZ stand-in),2007-12,12,2007,54.39358282407919
Central Region region,Admin region (AEZ stand-in),2007-12,12,2007,72.06864110773185
Western Region region,Admin region (AEZ stand-in),2007-12,12,2007,58.366149279317185
Uganda (national),Reference,2008-01,1,2008,38.09235154309559
Karamoja,Focus region,2008-01,1,2008,6.648282765849648
Lake Victoria basin,Focus region,2008-01,1,2008,76.05392235910256
Northern Region region,Admin region (AEZ stand-in),2008-01,1,2008,13.4099883078051
Eastern Region region,Admin region (AEZ stand-in),2008-01,1,2008,37.414647774684305
Central Region region,Admin region (AEZ stand-in),2008-01,1,2008,74.80871898273216
Western Region region,Admin region (AEZ stand-in),2008-01,1,2008,52.09642905264883
Uganda (national),Reference,2008-02,2,2008,34.52204495965773
Karamoja,Focus region,2008-02,2,2008,15.914015162539355
Lake Victoria basin,Focus region,2008-02,2,2008,52.08245155351697
Northern Region region,Admin region (AEZ stand-in),2008-02,2,2008,18.477091019925446
Eastern Region region,Admin region (AEZ stand-in),2008-02,2,2008,40.65546766319035
Central Region region,Admin region (AEZ stand-in),2008-02,2,2008,51.674716061381055
Western Region region,Admin region (AEZ stand-in),2008-02,2,2008,45.08330477409816
Uganda (national),Reference,2008-03,3,2008,97.5402544649962
Karamoja,Focus region,2008-03,3,2008,55.32773768641257
Lake Victoria basin,Focus region,2008-03,3,2008,136.3587795982626
Northern Region region,Admin region (AEZ stand-in),2008-03,3,2008,61.92048215173262
Eastern Region region,Admin region (AEZ stand-in),2008-03,3,2008,98.3765562479484
Central Region region,Admin region (AEZ stand-in),2008-03,3,2008,138.49242376293085
Western Region region,Admin region (AEZ stand-in),2008-03,3,2008,125.96111009210772
Uganda (national),Reference,2008-04,4,2008,87.44421791706574
Karamoja,Focus region,2008-04,4,2008,52.18011804294555
Lake Victoria basin,Focus region,2008-04,4,2008,105.02797422381065
Northern Region region,Admin region (AEZ stand-in),2008-04,4,2008,67.84361340763277
Eastern Region region,Admin region (AEZ stand-in),2008-04,4,2008,114.1831007679297
Central Region region,Admin region (AEZ stand-in),2008-04,4,2008,110.24026728301914
Western Region region,Admin region (AEZ stand-in),2008-04,4,2008,87.94540458150726
Uganda (national),Reference,2008-05,5,2008,123.37206541228578
Karamoja,Focus region,2008-05,5,2008,73.2486877977393
Lake Victoria basin,Focus region,2008-05,5,2008,99.2279155024616
Northern Region region,Admin region (AEZ stand-in),2008-05,5,2008,110.42178609600035
Eastern Region region,Admin region (AEZ stand-in),2008-05,5,2008,199.37170782186772
Central Region region,Admin region (AEZ stand-in),2008-05,5,2008,136.6954316556612
Western Region region,Admin region (AEZ stand-in),2008-05,5,2008,91.85992970825782
Uganda (national),Reference,2008-06,6,2008,80.34782435834046
Karamoja,Focus region,2008-06,6,2008,87.27210764795902
Lake Victoria basin,Focus region,2008-06,6,2008,44.51334935426632
Northern Region region,Admin region (AEZ stand-in),2008-06,6,2008,96.15597664015384
Eastern Region region,Admin region (AEZ stand-in),2008-06,6,2008,98.09387316438512
Central Region region,Admin region (AEZ stand-in),2008-06,6,2008,58.117910873447
Western Region region,Admin region (AEZ stand-in),2008-06,6,2008,60.60131958463788
Uganda (national),Reference,2008-07,7,2008,102.42387690598258
Karamoja,Focus region,2008-07,7,2008,124.99294308902711
Lake Victoria basin,Focus region,2008-07,7,2008,31.40703774414206
Northern Region region,Admin region (AEZ stand-in),2008-07,7,2008,140.7364133396018
Eastern Region region,Admin region (AEZ stand-in),2008-07,7,2008,143.87810512649258
Central Region region,Admin region (AEZ stand-in),2008-07,7,2008,58.06750408717537
Western Region region,Admin region (AEZ stand-in),2008-07,7,2008,47.974602668604255
Uganda (national),Reference,2008-08,8,2008,152.08517970926158
Karamoja,Focus region,2008-08,8,2008,103.0771688261249
Lake Victoria basin,Focus region,2008-08,8,2008,96.98253651834163
Northern Region region,Admin region (AEZ stand-in),2008-08,8,2008,160.15865130276939
Eastern Region region,Admin region (AEZ stand-in),2008-08,8,2008,211.75564801295675
Central Region region,Admin region (AEZ stand-in),2008-08,8,2008,94.50734719717572
Western Region region,Admin region (AEZ stand-in),2008-08,8,2008,148.7575446129529
Uganda (national),Reference,2008-09,9,2008,137.11218578386138
Karamoja,Focus region,2008-09,9,2008,77.65315833302769
Lake Victoria basin,Focus region,2008-09,9,2008,125.26598108278412
Northern Region region,Admin region (AEZ stand-in),2008-09,9,2008,118.97161516488605
Eastern Region region,Admin region (AEZ stand-in),2008-09,9,2008,148.41282780249307
Central Region region,Admin region (AEZ stand-in),2008-09,9,2008,165.35847253592343
Western Region region,Admin region (AEZ stand-in),2008-09,9,2008,139.58031826931833
Uganda (national),Reference,2008-10,10,2008,113.24053007159684
Karamoja,Focus region,2008-10,10,2008,80.14212719044566
Lake Victoria basin,Focus region,2008-10,10,2008,99.31854780725497
Northern Region region,Admin region (AEZ stand-in),2008-10,10,2008,115.17237599933281
Eastern Region region,Admin region (AEZ stand-in),2008-10,10,2008,135.64834441094428
Central Region region,Admin region (AEZ stand-in),2008-10,10,2008,110.6833116097095
Western Region region,Admin region (AEZ stand-in),2008-10,10,2008,99.15898973531779
Uganda (national),Reference,2008-11,11,2008,67.17637534375962
Karamoja,Focus region,2008-11,11,2008,65.33767690706964
Lake Victoria basin,Focus region,2008-11,11,2008,76.25098072782299
Northern Region region,Admin region (AEZ stand-in),2008-11,11,2008,57.70654879171465
Eastern Region region,Admin region (AEZ stand-in),2008-11,11,2008,79.41864918181707
Central Region region,Admin region (AEZ stand-in),2008-11,11,2008,63.13986926191897
Western Region region,Admin region (AEZ stand-in),2008-11,11,2008,79.35503399189602
Uganda (national),Reference,2008-12,12,2008,23.95930328816815
Karamoja,Focus region,2008-12,12,2008,2.3833226777392396
Lake Victoria basin,Focus region,2008-12,12,2008,61.43923137467043
Northern Region region,Admin region (AEZ stand-in),2008-12,12,2008,5.117093653138082
Eastern Region region,Admin region (AEZ stand-in),2008-12,12,2008,11.502844433028281
Central Region region,Admin region (AEZ stand-in),2008-12,12,2008,42.80742480732796
Western Region region,Admin region (AEZ stand-in),2008-12,12,2008,48.52060349930796
Uganda (national),Reference,2009-01,1,2009,35.01209621434801
Karamoja,Focus region,2009-01,1,2009,17.057081867249728
Lake Victoria basin,Focus region,2009-01,1,2009,52.26300105230098
Northern Region region,Admin region (AEZ stand-in),2009-01,1,2009,20.76379803556385
Eastern Region region,Admin region (AEZ stand-in),2009-01,1,2009,45.40317494398279
Central Region region,Admin region (AEZ stand-in),2009-01,1,2009,50.91969282512179
Western Region region,Admin region (AEZ stand-in),2009-01,1,2009,41.03567295284803
Uganda (national),Reference,2009-02,2,2009,38.100236930075575
Karamoja,Focus region,2009-02,2,2009,4.995782976161543
Lake Victoria basin,Focus region,2009-02,2,2009,71.26917390908993
Northern Region region,Admin region (AEZ stand-in),2009-02,2,2009,13.975300360489829
Eastern Region region,Admin region (AEZ stand-in),2009-02,2,2009,24.146017347421097
Central Region region,Admin region (AEZ stand-in),2009-02,2,2009,56.536531634718955
Western Region region,Admin region (AEZ stand-in),2009-02,2,2009,72.79324517339303
Uganda (national),Reference,2009-03,3,2009,62.106837033214546
Karamoja,Focus region,2009-03,3,2009,24.095171172479404
Lake Victoria basin,Focus region,2009-03,3,2009,111.25494273797294
Northern Region region,Admin region (AEZ stand-in),2009-03,3,2009,28.05895229109928
Eastern Region region,Admin region (AEZ stand-in),2009-03,3,2009,66.19767407067494
Central Region region,Admin region (AEZ stand-in),2009-03,3,2009,104.34140238352146
Western Region region,Admin region (AEZ stand-in),2009-03,3,2009,85.0897915127739
Uganda (national),Reference,2009-04,4,2009,128.90474031949054
Karamoja,Focus region,2009-04,4,2009,113.53048701078428
Lake Victoria basin,Focus region,2009-04,4,2009,118.67024659403127
Northern Region region,Admin region (AEZ stand-in),2009-04,4,2009,114.04987805068161
Eastern Region region,Admin region (AEZ stand-in),2009-04,4,2009,204.36728581963138
Central Region region,Admin region (AEZ stand-in),2009-04,4,2009,125.49025496903897
Western Region region,Admin region (AEZ stand-in),2009-04,4,2009,113.80287411544005
Uganda (national),Reference,2009-05,5,2009,129.93646082147362
Karamoja,Focus region,2009-05,5,2009,130.35044643309456
Lake Victoria basin,Focus region,2009-05,5,2009,107.90570724029197
Northern Region region,Admin region (AEZ stand-in),2009-05,5,2009,126.0273667944772
Eastern Region region,Admin region (AEZ stand-in),2009-05,5,2009,166.18054716821115
Central Region region,Admin region (AEZ stand-in),2009-05,5,2009,139.38852830010765
Western Region region,Admin region (AEZ stand-in),2009-05,5,2009,108.74598400400568
Uganda (national),Reference,2009-06,6,2009,56.14311786139825
Karamoja,Focus region,2009-06,6,2009,50.4110275198764
Lake Victoria basin,Focus region,2009-06,6,2009,23.396554180600685
Northern Region region,Admin region (AEZ stand-in),2009-06,6,2009,67.35801706672628
Eastern Region region,Admin region (AEZ stand-in),2009-06,6,2009,64.0645106215468
Central Region region,Admin region (AEZ stand-in),2009-06,6,2009,37.929030261199955
Western Region region,Admin region (AEZ stand-in),2009-06,6,2009,46.63223636965373
Uganda (national),Reference,2009-07,7,2009,47.58356814872669
Karamoja,Focus region,2009-07,7,2009,59.238965474083315
Lake Victoria basin,Focus region,2009-07,7,2009,15.857717963711545
Northern Region region,Admin region (AEZ stand-in),2009-07,7,2009,70.78139372588278
Eastern Region region,Admin region (AEZ stand-in),2009-07,7,2009,56.60103469505242
Central Region region,Admin region (AEZ stand-in),2009-07,7,2009,23.28307814059454
Western Region region,Admin region (AEZ stand-in),2009-07,7,2009,21.710366418945778
Uganda (national),Reference,2009-08,8,2009,88.67850333486027
Karamoja,Focus region,2009-08,8,2009,70.0856603745844
Lake Victoria basin,Focus region,2009-08,8,2009,54.99252514927323
Northern Region region,Admin region (AEZ stand-in),2009-08,8,2009,101.85902645073581
Eastern Region region,Admin region (AEZ stand-in),2009-08,8,2009,111.47721919914095
Central Region region,Admin region (AEZ stand-in),2009-08,8,2009,62.67692702498523
Western Region region,Admin region (AEZ stand-in),2009-08,8,2009,73.40163181809227
Uganda (national),Reference,2009-09,9,2009,92.18531109748137
Karamoja,Focus region,2009-09,9,2009,70.02456215429297
Lake Victoria basin,Focus region,2009-09,9,2009,70.04698295241914
Northern Region region,Admin region (AEZ stand-in),2009-09,9,2009,95.24444791651662
Eastern Region region,Admin region (AEZ stand-in),2009-09,9,2009,108.98713212688476
Central Region region,Admin region (AEZ stand-in),2009-09,9,2009,73.47040639834444
Western Region region,Admin region (AEZ stand-in),2009-09,9,2009,91.80087952336025
Uganda (national),Reference,2009-10,10,2009,109.95271811684479
Karamoja,Focus region,2009-10,10,2009,63.13617227163206
Lake Victoria basin,Focus region,2009-10,10,2009,124.03121359174631
Northern Region region,Admin region (AEZ stand-in),2009-10,10,2009,79.02795240435383
Eastern Region region,Admin region (AEZ stand-in),2009-10,10,2009,103.82104307440916
Central Region region,Admin region (AEZ stand-in),2009-10,10,2009,135.64258710981431
Western Region region,Admin region (AEZ stand-in),2009-10,10,2009,146.1277594726403
Uganda (national),Reference,2009-11,11,2009,89.48795285486769
Karamoja,Focus region,2009-11,11,2009,37.831652734593675
Lake Victoria basin,Focus region,2009-11,11,2009,117.50586194565518
Northern Region region,Admin region (AEZ stand-in),2009-11,11,2009,57.329136330010755
Eastern Region region,Admin region (AEZ stand-in),2009-11,11,2009,121.29510995160325
Central Region region,Admin region (AEZ stand-in),2009-11,11,2009,117.82160471283059
Western Region region,Admin region (AEZ stand-in),2009-11,11,2009,104.13583895482844
Uganda (national),Reference,2009-12,12,2009,81.62330264921184
Karamoja,Focus region,2009-12,12,2009,93.10512392666892
Lake Victoria basin,Focus region,2009-12,12,2009,83.32492945429497
Northern Region region,Admin region (AEZ stand-in),2009-12,12,2009,70.11331176557229
Eastern Region region,Admin region (AEZ stand-in),2009-12,12,2009,147.33354161921636
Central Region region,Admin region (AEZ stand-in),2009-12,12,2009,71.19522550475584
Western Region region,Admin region (AEZ stand-in),2009-12,12,2009,71.85444770740816
Uganda (national),Reference,2010-01,1,2010,33.31463562393176
Karamoja,Focus region,2010-01,1,2010,14.991145679638505
Lake Victoria basin,Focus region,2010-01,1,2010,62.425520512503226
Northern Region region,Admin region (AEZ stand-in),2010-01,1,2010,12.360007308043212
Eastern Region region,Admin region (AEZ stand-in),2010-01,1,2010,38.872853218653646
Central Region region,Admin region (AEZ stand-in),2010-01,1,2010,48.62427901823045
Western Region region,Admin region (AEZ stand-in),2010-01,1,2010,53.974032789327445
Uganda (national),Reference,2010-02,2,2010,98.22999115370223
Karamoja,Focus region,2010-02,2,2010,61.2170445500668
Lake Victoria basin,Focus region,2010-02,2,2010,126.51819499918543
Northern Region region,Admin region (AEZ stand-in),2010-02,2,2010,62.496816778378665
Eastern Region region,Admin region (AEZ stand-in),2010-02,2,2010,123.33414957141889
Central Region region,Admin region (AEZ stand-in),2010-02,2,2010,106.23986996886207
Western Region region,Admin region (AEZ stand-in),2010-02,2,2010,138.5395889779844
Uganda (national),Reference,2010-03,3,2010,113.70549474439343
Karamoja,Focus region,2010-03,3,2010,104.31012440671171
Lake Victoria basin,Focus region,2010-03,3,2010,116.70796761999738
Northern Region region,Admin region (AEZ stand-in),2010-03,3,2010,95.94637981182402
Eastern Region region,Admin region (AEZ stand-in),2010-03,3,2010,142.66103674418815
Central Region region,Admin region (AEZ stand-in),2010-03,3,2010,127.18690605469023
Western Region region,Admin region (AEZ stand-in),2010-03,3,2010,117.05690461225507
Uganda (national),Reference,2010-04,4,2010,139.12116543672403
Karamoja,Focus region,2010-04,4,2010,103.29722235844693
Lake Victoria basin,Focus region,2010-04,4,2010,154.3069095033663
Northern Region region,Admin region (AEZ stand-in),2010-04,4,2010,112.77986406348158
Eastern Region region,Admin region (AEZ stand-in),2010-04,4,2010,175.15494283546556
Central Region region,Admin region (AEZ stand-in),2010-04,4,2010,170.62289919989644
Western Region region,Admin region (AEZ stand-in),2010-04,4,2010,138.99433498819766
Uganda (national),Reference,2010-05,5,2010,154.03449485403144
Karamoja,Focus region,2010-05,5,2010,163.4937115464977
Lake Victoria basin,Focus region,2010-05,5,2010,117.97553982974361
Northern Region region,Admin region (AEZ stand-in),2010-05,5,2010,161.2814327368261
Eastern Region region,Admin region (AEZ stand-in),2010-05,5,2010,218.0238523379531
Central Region region,Admin region (AEZ stand-in),2010-05,5,2010,138.4036021351944
Western Region region,Admin region (AEZ stand-in),2010-05,5,2010,117.43978590361401
Uganda (national),Reference,2010-06,6,2010,98.08529422837984
Karamoja,Focus region,2010-06,6,2010,75.53556056720608
Lake Victoria basin,Focus region,2010-06,6,2010,45.197980579924135
Northern Region region,Admin region (AEZ stand-in),2010-06,6,2010,118.48380204387261
Eastern Region region,Admin region (AEZ stand-in),2010-06,6,2010,120.16447246087952
Central Region region,Admin region (AEZ stand-in),2010-06,6,2010,66.50901982238322
Western Region region,Admin region (AEZ stand-in),2010-06,6,2010,75.12119299628527
Uganda (national),Reference,2010-07,7,2010,85.90306308175292
Karamoja,Focus region,2010-07,7,2010,126.86316982484452
Lake Victoria basin,Focus region,2010-07,7,2010,22.833680701863635
Northern Region region,Admin region (AEZ stand-in),2010-07,7,2010,128.27361651551004
Eastern Region region,Admin region (AEZ stand-in),2010-07,7,2010,106.5180252579747
Central Region region,Admin region (AEZ stand-in),2010-07,7,2010,39.49319820868585
Western Region region,Admin region (AEZ stand-in),2010-07,7,2010,37.95638467083722
Uganda (national),Reference,2010-08,8,2010,105.49152854646404
Karamoja,Focus region,2010-08,8,2010,93.98243920343677
Lake Victoria basin,Focus region,2010-08,8,2010,36.191518187509054
Northern Region region,Admin region (AEZ stand-in),2010-08,8,2010,138.5188326400308
Eastern Region region,Admin region (AEZ stand-in),2010-08,8,2010,119.60189853864566
Central Region region,Admin region (AEZ stand-in),2010-08,8,2010,64.71883746677186
Western Region region,Admin region (AEZ stand-in),2010-08,8,2010,72.60719561910172
Uganda (national),Reference,2010-09,9,2010,121.88257895953335
Karamoja,Focus region,2010-09,9,2010,81.32274665130453
Lake Victoria basin,Focus region,2010-09,9,2010,87.2139237590997
Northern Region region,Admin region (AEZ stand-in),2010-09,9,2010,127.49032781200026
Eastern Region region,Admin region (AEZ stand-in),2010-09,9,2010,143.94772391206044
Central Region region,Admin region (AEZ stand-in),2010-09,9,2010,102.34549628471883
Western Region region,Admin region (AEZ stand-in),2010-09,9,2010,114.75640346808802
Uganda (national),Reference,2010-10,10,2010,165.04784204239957
Karamoja,Focus region,2010-10,10,2010,84.8022389904255
Lake Victoria basin,Focus region,2010-10,10,2010,135.40499867587363
Northern Region region,Admin region (AEZ stand-in),2010-10,10,2010,156.14849376188388
Eastern Region region,Admin region (AEZ stand-in),2010-10,10,2010,176.64003943342806
Central Region region,Admin region (AEZ stand-in),2010-10,10,2010,145.8861187371616
Western Region region,Admin region (AEZ stand-in),2010-10,10,2010,188.28902743885138
Uganda (national),Reference,2010-11,11,2010,83.42548317835092
Karamoja,Focus region,2010-11,11,2010,14.834207468329394
Lake Victoria basin,Focus region,2010-11,11,2010,104.76303006676463
Northern Region region,Admin region (AEZ stand-in),2010-11,11,2010,58.52090796309282
Eastern Region region,Admin region (AEZ stand-in),2010-11,11,2010,64.35710438094812
Central Region region,Admin region (AEZ stand-in),2010-11,11,2010,97.68566264141776
Western Region region,Admin region (AEZ stand-in),2010-11,11,2010,125.37833446133403
Uganda (national),Reference,2010-12,12,2010,72.96042657277198
Karamoja,Focus region,2010-12,12,2010,24.8850296863558
Lake Victoria basin,Focus region,2010-12,12,2010,117.98696554293115
Northern Region region,Admin region (AEZ stand-in),2010-12,12,2010,36.14575263994151
Eastern Region region,Admin region (AEZ stand-in),2010-12,12,2010,80.71049029165214
Central Region region,Admin region (AEZ stand-in),2010-12,12,2010,113.62643603158213
Western Region region,Admin region (AEZ stand-in),2010-12,12,2010,99.78664788419867
Uganda (national),Reference,2011-01,1,2011,18.069547581253165
Karamoja,Focus region,2011-01,1,2011,1.8947912527693715
Lake Victoria basin,Focus region,2011-01,1,2011,41.008009924552105
Northern Region region,Admin region (AEZ stand-in),2011-01,1,2011,3.4429406246654954
Eastern Region region,Admin region (AEZ stand-in),2011-01,1,2011,15.203643515030747
Central Region region,Admin region (AEZ stand-in),2011-01,1,2011,30.491272192614705
Western Region region,Admin region (AEZ stand-in),2011-01,1,2011,35.0145531178531
Uganda (national),Reference,2011-02,2,2011,25.75822935514347
Karamoja,Focus region,2011-02,2,2011,9.327580981045864
Lake Victoria basin,Focus region,2011-02,2,2011,55.096517702583995
Northern Region region,Admin region (AEZ stand-in),2011-02,2,2011,11.001462268312466
Eastern Region region,Admin region (AEZ stand-in),2011-02,2,2011,22.41270904548803
Central Region region,Admin region (AEZ stand-in),2011-02,2,2011,41.75295157754544
Western Region region,Admin region (AEZ stand-in),2011-02,2,2011,40.463172621225596
Uganda (national),Reference,2011-03,3,2011,107.58254994666659
Karamoja,Focus region,2011-03,3,2011,105.26756245775063
Lake Victoria basin,Focus region,2011-03,3,2011,111.63644028558252
Northern Region region,Admin region (AEZ stand-in),2011-03,3,2011,92.65674177788264
Eastern Region region,Admin region (AEZ stand-in),2011-03,3,2011,145.82372160813955
Central Region region,Admin region (AEZ stand-in),2011-03,3,2011,126.7868523273245
Western Region region,Admin region (AEZ stand-in),2011-03,3,2011,96.53609500348045
Uganda (national),Reference,2011-04,4,2011,116.20340457827531
Karamoja,Focus region,2011-04,4,2011,58.95988365842696
Lake Victoria basin,Focus region,2011-04,4,2011,139.16342570712166
Northern Region region,Admin region (AEZ stand-in),2011-04,4,2011,87.9524948343151
Eastern Region region,Admin region (AEZ stand-in),2011-04,4,2011,152.57191303435962
Central Region region,Admin region (AEZ stand-in),2011-04,4,2011,139.99040024320328
Western Region region,Admin region (AEZ stand-in),2011-04,4,2011,125.093321575322
Uganda (national),Reference,2011-05,5,2011,141.37886793966865
Karamoja,Focus region,2011-05,5,2011,100.01085571167424
Lake Victoria basin,Focus region,2011-05,5,2011,106.6555362344619
Northern Region region,Admin region (AEZ stand-in),2011-05,5,2011,149.5867903247456
Eastern Region region,Admin region (AEZ stand-in),2011-05,5,2011,187.37865780298247
Central Region region,Admin region (AEZ stand-in),2011-05,5,2011,122.9027887986434
Western Region region,Admin region (AEZ stand-in),2011-05,5,2011,115.52791857640884
Uganda (national),Reference,2011-06,6,2011,113.46386675106089
Karamoja,Focus region,2011-06,6,2011,118.88290380510901
Lake Victoria basin,Focus region,2011-06,6,2011,58.75118741661725
Northern Region region,Admin region (AEZ stand-in),2011-06,6,2011,141.28900608642684
Eastern Region region,Admin region (AEZ stand-in),2011-06,6,2011,128.77472460366778
Central Region region,Admin region (AEZ stand-in),2011-06,6,2011,78.9722399725268
Western Region region,Admin region (AEZ stand-in),2011-06,6,2011,84.0650213252795
Uganda (national),Reference,2011-07,7,2011,119.31938006422796
Karamoja,Focus region,2011-07,7,2011,177.1468882114085
Lake Victoria basin,Focus region,2011-07,7,2011,41.22120437178365
Northern Region region,Admin region (AEZ stand-in),2011-07,7,2011,175.50198132637098
Eastern Region region,Admin region (AEZ stand-in),2011-07,7,2011,121.72755908904985
Central Region region,Admin region (AEZ stand-in),2011-07,7,2011,67.05333006068985
Western Region region,Admin region (AEZ stand-in),2011-07,7,2011,62.95246207738014
Uganda (national),Reference,2011-08,8,2011,163.33117417573047
Karamoja,Focus region,2011-08,8,2011,131.1332749624493
Lake Victoria basin,Focus region,2011-08,8,2011,107.79826582807547
Northern Region region,Admin region (AEZ stand-in),2011-08,8,2011,173.45073169370235
Eastern Region region,Admin region (AEZ stand-in),2011-08,8,2011,204.1884836764526
Central Region region,Admin region (AEZ stand-in),2011-08,8,2011,119.79651235573213
Western Region region,Admin region (AEZ stand-in),2011-08,8,2011,156.3510044846138
Uganda (national),Reference,2011-09,9,2011,149.20868283656827
Karamoja,Focus region,2011-09,9,2011,101.36554327986033
Lake Victoria basin,Focus region,2011-09,9,2011,155.20158438984353
Northern Region region,Admin region (AEZ stand-in),2011-09,9,2011,139.5748103347764
Eastern Region region,Admin region (AEZ stand-in),2011-09,9,2011,126.07982332905948
Central Region region,Admin region (AEZ stand-in),2011-09,9,2011,144.1558512446857
Western Region region,Admin region (AEZ stand-in),2011-09,9,2011,182.56364986583552
Uganda (national),Reference,2011-10,10,2011,162.92604077903877
Karamoja,Focus region,2011-10,10,2011,57.313015335298076
Lake Victoria basin,Focus region,2011-10,10,2011,178.43492746266284
Northern Region region,Admin region (AEZ stand-in),2011-10,10,2011,141.96865378771878
Eastern Region region,Admin region (AEZ stand-in),2011-10,10,2011,155.71813281146706
Central Region region,Admin region (AEZ stand-in),2011-10,10,2011,184.32609888965385
Western Region region,Admin region (AEZ stand-in),2011-10,10,2011,185.89498058724456
Uganda (national),Reference,2011-11,11,2011,160.5716391238012
Karamoja,Focus region,2011-11,11,2011,168.72069656636174
Lake Victoria basin,Focus region,2011-11,11,2011,147.00880386720908
Northern Region region,Admin region (AEZ stand-in),2011-11,11,2011,159.4502582916697
Eastern Region region,Admin region (AEZ stand-in),2011-11,11,2011,210.94765313846327
Central Region region,Admin region (AEZ stand-in),2011-11,11,2011,169.6545591719744
Western Region region,Admin region (AEZ stand-in),2011-11,11,2011,126.8190011882118
Uganda (national),Reference,2011-12,12,2011,40.31838476477773
Karamoja,Focus region,2011-12,12,2011,13.991270733738151
Lake Victoria basin,Focus region,2011-12,12,2011,82.95646595243748
Northern Region region,Admin region (AEZ stand-in),2011-12,12,2011,18.879866238576643
Eastern Region region,Admin region (AEZ stand-in),2011-12,12,2011,37.54116220324198
Central Region region,Admin region (AEZ stand-in),2011-12,12,2011,63.40498106162048
Western Region region,Admin region (AEZ stand-in),2011-12,12,2011,60.53214702213186
Uganda (national),Reference,2012-01,1,2012,10.872445650787464
Karamoja,Focus region,2012-01,1,2012,0.6752471561850169
Lake Victoria basin,Focus region,2012-01,1,2012,25.289177889439276
Northern Region region,Admin region (AEZ stand-in),2012-01,1,2012,1.787245206694551
Eastern Region region,Admin region (AEZ stand-in),2012-01,1,2012,7.436162908943725
Central Region region,Admin region (AEZ stand-in),2012-01,1,2012,16.379232576226812
Western Region region,Admin region (AEZ stand-in),2012-01,1,2012,24.036809003747706
Uganda (national),Reference,2012-02,2,2012,32.3680765046376
Karamoja,Focus region,2012-02,2,2012,8.803075452182787
Lake Victoria basin,Focus region,2012-02,2,2012,62.733521661144046
Northern Region region,Admin region (AEZ stand-in),2012-02,2,2012,13.28998536972899
Eastern Region region,Admin region (AEZ stand-in),2012-02,2,2012,25.611391371880615
Central Region region,Admin region (AEZ stand-in),2012-02,2,2012,56.24919282822196
Western Region region,Admin region (AEZ stand-in),2012-02,2,2012,50.18976821100351
Uganda (national),Reference,2012-03,3,2012,59.162031216782395
Karamoja,Focus region,2012-03,3,2012,14.393323921300535
Lake Victoria basin,Focus region,2012-03,3,2012,97.13318355961684
Northern Region region,Admin region (AEZ stand-in),2012-03,3,2012,22.32908775720863
Eastern Region region,Admin region (AEZ stand-in),2012-03,3,2012,44.59875864760077
Central Region region,Admin region (AEZ stand-in),2012-03,3,2012,98.70545676780633
Western Region region,Admin region (AEZ stand-in),2012-03,3,2012,99.44589818107778
Uganda (national),Reference,2012-04,4,2012,208.13584225605578
Karamoja,Focus region,2012-04,4,2012,184.6099466450556
Lake Victoria basin,Focus region,2012-04,4,2012,211.0858923184066
Northern Region region,Admin region (AEZ stand-in),2012-04,4,2012,191.67894176616576
Eastern Region region,Admin region (AEZ stand-in),2012-04,4,2012,227.8202115369285
Central Region region,Admin region (AEZ stand-in),2012-04,4,2012,226.0947879185477
Western Region region,Admin region (AEZ stand-in),2012-04,4,2012,210.9871742918442
Uganda (national),Reference,2012-05,5,2012,180.25196241582825
Karamoja,Focus region,2012-05,5,2012,195.7457051365717
Lake Victoria basin,Focus region,2012-05,5,2012,163.11447592134164
Northern Region region,Admin region (AEZ stand-in),2012-05,5,2012,178.19775600873604
Eastern Region region,Admin region (AEZ stand-in),2012-05,5,2012,232.01730523182965
Central Region region,Admin region (AEZ stand-in),2012-05,5,2012,187.019476710138
Western Region region,Admin region (AEZ stand-in),2012-05,5,2012,149.34639510779317
Uganda (national),Reference,2012-06,6,2012,105.99544540453691
Karamoja,Focus region,2012-06,6,2012,93.81878924614553
Lake Victoria basin,Focus region,2012-06,6,2012,68.49467699139507
Northern Region region,Admin region (AEZ stand-in),2012-06,6,2012,131.93317066187024
Eastern Region region,Admin region (AEZ stand-in),2012-06,6,2012,121.14929846002148
Central Region region,Admin region (AEZ stand-in),2012-06,6,2012,87.94672998477012
Western Region region,Admin region (AEZ stand-in),2012-06,6,2012,67.20112181562335
Uganda (national),Reference,2012-07,7,2012,125.5792741496993
Karamoja,Focus region,2012-07,7,2012,164.7506679334938
Lake Victoria basin,Focus region,2012-07,7,2012,32.1078591339665
Northern Region region,Admin region (AEZ stand-in),2012-07,7,2012,188.47674863601472
Eastern Region region,Admin region (AEZ stand-in),2012-07,7,2012,127.00723228561537
Central Region region,Admin region (AEZ stand-in),2012-07,7,2012,61.428418621894295
Western Region region,Admin region (AEZ stand-in),2012-07,7,2012,67.49533816068839
Uganda (national),Reference,2012-08,8,2012,146.3350696787653
Karamoja,Focus region,2012-08,8,2012,149.79765499199758
Lake Victoria basin,Focus region,2012-08,8,2012,99.48165268661093
Northern Region region,Admin region (AEZ stand-in),2012-08,8,2012,177.60619882685614
Eastern Region region,Admin region (AEZ stand-in),2012-08,8,2012,148.2506497013075
Central Region region,Admin region (AEZ stand-in),2012-08,8,2012,114.7544326841644
Western Region region,Admin region (AEZ stand-in),2012-08,8,2012,116.55418189867721
Uganda (national),Reference,2012-09,9,2012,140.40408994267284
Karamoja,Focus region,2012-09,9,2012,115.6794869423189
Lake Victoria basin,Focus region,2012-09,9,2012,92.72214625289895
Northern Region region,Admin region (AEZ stand-in),2012-09,9,2012,136.14852488869744
Eastern Region region,Admin region (AEZ stand-in),2012-09,9,2012,218.54335534459267
Central Region region,Admin region (AEZ stand-in),2012-09,9,2012,105.97374225302056
Western Region region,Admin region (AEZ stand-in),2012-09,9,2012,129.68869009483265
Uganda (national),Reference,2012-10,10,2012,187.54104797819568
Karamoja,Focus region,2012-10,10,2012,112.31224027626271
Lake Victoria basin,Focus region,2012-10,10,2012,178.4201018187605
Northern Region region,Admin region (AEZ stand-in),2012-10,10,2012,172.01220393653065
Eastern Region region,Admin region (AEZ stand-in),2012-10,10,2012,173.66923013188585
Central Region region,Admin region (AEZ stand-in),2012-10,10,2012,184.1065813135785
Western Region region,Admin region (AEZ stand-in),2012-10,10,2012,224.19651191051878
Uganda (national),Reference,2012-11,11,2012,123.69315357459514
Karamoja,Focus region,2012-11,11,2012,73.28713726556279
Lake Victoria basin,Focus region,2012-11,11,2012,125.29435945323355
Northern Region region,Admin region (AEZ stand-in),2012-11,11,2012,103.08412486393027
Eastern Region region,Admin region (AEZ stand-in),2012-11,11,2012,156.93042259730763
Central Region region,Admin region (AEZ stand-in),2012-11,11,2012,132.4799580785982
Western Region region,Admin region (AEZ stand-in),2012-11,11,2012,132.91168664924336
Uganda (national),Reference,2012-12,12,2012,94.21843543206712
Karamoja,Focus region,2012-12,12,2012,55.75769792698384
Lake Victoria basin,Focus region,2012-12,12,2012,125.64319963830593
Northern Region region,Admin region (AEZ stand-in),2012-12,12,2012,64.2416967452492
Eastern Region region,Admin region (AEZ stand-in),2012-12,12,2012,131.5102028177266
Central Region region,Admin region (AEZ stand-in),2012-12,12,2012,123.27004853577866
Western Region region,Admin region (AEZ stand-in),2012-12,12,2012,101.51490968126218
Uganda (national),Reference,2013-01,1,2013,32.84975884717877
Karamoja,Focus region,2013-01,1,2013,21.44931215936381
Lake Victoria basin,Focus region,2013-01,1,2013,46.83179702242581
Northern Region region,Admin region (AEZ stand-in),2013-01,1,2013,22.6058277281337
Eastern Region region,Admin region (AEZ stand-in),2013-01,1,2013,42.479291577656966
Central Region region,Admin region (AEZ stand-in),2013-01,1,2013,42.68879378305031
Western Region region,Admin region (AEZ stand-in),2013-01,1,2013,37.19495572552366
Uganda (national),Reference,2013-02,2,2013,27.512879387182124
Karamoja,Focus region,2013-02,2,2013,8.59105899575279
Lake Victoria basin,Focus region,2013-02,2,2013,43.99784777036716
Northern Region region,Admin region (AEZ stand-in),2013-02,2,2013,10.283008669872062
Eastern Region region,Admin region (AEZ stand-in),2013-02,2,2013,26.59726272442821
Central Region region,Admin region (AEZ stand-in),2013-02,2,2013,40.05219740862615
Western Region region,Admin region (AEZ stand-in),2013-02,2,2013,47.66803212519971
Uganda (national),Reference,2013-03,3,2013,123.54578822461511
Karamoja,Focus region,2013-03,3,2013,88.52226191380585
Lake Victoria basin,Focus region,2013-03,3,2013,141.9897505971144
Northern Region region,Admin region (AEZ stand-in),2013-03,3,2013,96.50702716300525
Eastern Region region,Admin region (AEZ stand-in),2013-03,3,2013,161.0276961616948
Central Region region,Admin region (AEZ stand-in),2013-03,3,2013,141.09071148306774
Western Region region,Admin region (AEZ stand-in),2013-03,3,2013,134.55035747754485
Uganda (national),Reference,2013-04,4,2013,160.3328242693588
Karamoja,Focus region,2013-04,4,2013,171.58683154669535
Lake Victoria basin,Focus region,2013-04,4,2013,129.56855722113053
Northern Region region,Admin region (AEZ stand-in),2013-04,4,2013,156.2533536578526
Eastern Region region,Admin region (AEZ stand-in),2013-04,4,2013,213.0872588040531
Central Region region,Admin region (AEZ stand-in),2013-04,4,2013,136.0740141354626
Western Region region,Admin region (AEZ stand-in),2013-04,4,2013,155.87880291220375
Uganda (national),Reference,2013-05,5,2013,103.77619795434114
Karamoja,Focus region,2013-05,5,2013,106.44070385257596
Lake Victoria basin,Focus region,2013-05,5,2013,94.1301843028618
Northern Region region,Admin region (AEZ stand-in),2013-05,5,2013,111.3683717356913
Eastern Region region,Admin region (AEZ stand-in),2013-05,5,2013,133.84725738109393
Central Region region,Admin region (AEZ stand-in),2013-05,5,2013,89.89612366555416
Western Region region,Admin region (AEZ stand-in),2013-05,5,2013,84.61045848442778
Uganda (national),Reference,2013-06,6,2013,82.45916394199494
Karamoja,Focus region,2013-06,6,2013,91.91271909211731
Lake Victoria basin,Focus region,2013-06,6,2013,17.31203696753577
Northern Region region,Admin region (AEZ stand-in),2013-06,6,2013,126.38104737476706
Eastern Region region,Admin region (AEZ stand-in),2013-06,6,2013,84.94560195967746
Central Region region,Admin region (AEZ stand-in),2013-06,6,2013,33.11686637323202
Western Region region,Admin region (AEZ stand-in),2013-06,6,2013,44.46194264241579
Uganda (national),Reference,2013-07,7,2013,100.56525430444904
Karamoja,Focus region,2013-07,7,2013,130.90493882026283
Lake Victoria basin,Focus region,2013-07,7,2013,29.851928783173882
Northern Region region,Admin region (AEZ stand-in),2013-07,7,2013,149.44799932486728
Eastern Region region,Admin region (AEZ stand-in),2013-07,7,2013,98.80168197270535
Central Region region,Admin region (AEZ stand-in),2013-07,7,2013,56.369623747640176
Western Region region,Admin region (AEZ stand-in),2013-07,7,2013,52.62131729687964
Uganda (national),Reference,2013-08,8,2013,134.5610296163219
Karamoja,Focus region,2013-08,8,2013,110.41827025173082
Lake Victoria basin,Focus region,2013-08,8,2013,77.15314293553216
Northern Region region,Admin region (AEZ stand-in),2013-08,8,2013,166.45497769112984
Eastern Region region,Admin region (AEZ stand-in),2013-08,8,2013,139.99981658622406
Central Region region,Admin region (AEZ stand-in),2013-08,8,2013,105.64497028631222
Western Region region,Admin region (AEZ stand-in),2013-08,8,2013,99.47292471336725
Uganda (national),Reference,2013-09,9,2013,144.07649050790914
Karamoja,Focus region,2013-09,9,2013,95.0336512601397
Lake Victoria basin,Focus region,2013-09,9,2013,132.91097613433223
Northern Region region,Admin region (AEZ stand-in),2013-09,9,2013,122.01038259898898
Eastern Region region,Admin region (AEZ stand-in),2013-09,9,2013,209.07695148145473
Central Region region,Admin region (AEZ stand-in),2013-09,9,2013,139.67476608384501
Western Region region,Admin region (AEZ stand-in),2013-09,9,2013,147.8260090064446
Uganda (national),Reference,2013-10,10,2013,158.31889079089598
Karamoja,Focus region,2013-10,10,2013,101.11731242960484
Lake Victoria basin,Focus region,2013-10,10,2013,119.0187430592737
Northern Region region,Admin region (AEZ stand-in),2013-10,10,2013,165.31042714374234
Eastern Region region,Admin region (AEZ stand-in),2013-10,10,2013,170.6344803388695
Central Region region,Admin region (AEZ stand-in),2013-10,10,2013,132.55751254949024
Western Region region,Admin region (AEZ stand-in),2013-10,10,2013,159.18381658561944
Uganda (national),Reference,2013-11,11,2013,98.28935760654652
Karamoja,Focus region,2013-11,11,2013,45.62620946406937
Lake Victoria basin,Focus region,2013-11,11,2013,118.97722283041998
Northern Region region,Admin region (AEZ stand-in),2013-11,11,2013,76.12158045927208
Eastern Region region,Admin region (AEZ stand-in),2013-11,11,2013,85.00092377523187
Central Region region,Admin region (AEZ stand-in),2013-11,11,2013,108.82774895289968
Western Region region,Admin region (AEZ stand-in),2013-11,11,2013,135.25999309617754
Uganda (national),Reference,2013-12,12,2013,54.42013339996214
Karamoja,Focus region,2013-12,12,2013,24.900731571079316
Lake Victoria basin,Focus region,2013-12,12,2013,83.763435443174
Northern Region region,Admin region (AEZ stand-in),2013-12,12,2013,31.08761324547506
Eastern Region region,Admin region (AEZ stand-in),2013-12,12,2013,59.612555241825504
Central Region region,Admin region (AEZ stand-in),2013-12,12,2013,74.83889644947874
Western Region region,Admin region (AEZ stand-in),2013-12,12,2013,75.37664816581402
Uganda (national),Reference,2014-01,1,2014,19.62896498864343
Karamoja,Focus region,2014-01,1,2014,4.007751674775502
Lake Victoria basin,Focus region,2014-01,1,2014,39.06040759706773
Northern Region region,Admin region (AEZ stand-in),2014-01,1,2014,5.13731146858042
Eastern Region region,Admin region (AEZ stand-in),2014-01,1,2014,29.405959897634844
Central Region region,Admin region (AEZ stand-in),2014-01,1,2014,31.811455107118352
Western Region region,Admin region (AEZ stand-in),2014-01,1,2014,29.314673920728726
Uganda (national),Reference,2014-02,2,2014,33.35303518404331
Karamoja,Focus region,2014-02,2,2014,8.896779348007685
Lake Victoria basin,Focus region,2014-02,2,2014,51.15301295335506
Northern Region region,Admin region (AEZ stand-in),2014-02,2,2014,13.353851443550317
Eastern Region region,Admin region (AEZ stand-in),2014-02,2,2014,38.67584768829728
Central Region region,Admin region (AEZ stand-in),2014-02,2,2014,51.339874109930086
Western Region region,Admin region (AEZ stand-in),2014-02,2,2014,50.486727681094735
Uganda (national),Reference,2014-03,3,2014,110.36269169388349
Karamoja,Focus region,2014-03,3,2014,60.98666299318575
Lake Victoria basin,Focus region,2014-03,3,2014,148.41070124067642
Northern Region region,Admin region (AEZ stand-in),2014-03,3,2014,77.57576045317664
Eastern Region region,Admin region (AEZ stand-in),2014-03,3,2014,105.64790773646962
Central Region region,Admin region (AEZ stand-in),2014-03,3,2014,152.01053695606598
Western Region region,Admin region (AEZ stand-in),2014-03,3,2014,136.58636949523586
Uganda (national),Reference,2014-04,4,2014,116.22496545298654
Karamoja,Focus region,2014-04,4,2014,44.03079237150095
Lake Victoria basin,Focus region,2014-04,4,2014,128.5402846495305
Northern Region region,Admin region (AEZ stand-in),2014-04,4,2014,91.25397189017671
Eastern Region region,Admin region (AEZ stand-in),2014-04,4,2014,140.2650306930784
Central Region region,Admin region (AEZ stand-in),2014-04,4,2014,136.0588383801465
Western Region region,Admin region (AEZ stand-in),2014-04,4,2014,129.60837429553067
Uganda (national),Reference,2014-05,5,2014,137.29874861319075
Karamoja,Focus region,2014-05,5,2014,116.04039475264459
Lake Victoria basin,Focus region,2014-05,5,2014,83.21774408899464
Northern Region region,Admin region (AEZ stand-in),2014-05,5,2014,158.3679624166831
Eastern Region region,Admin region (AEZ stand-in),2014-05,5,2014,224.9674675326453
Central Region region,Admin region (AEZ stand-in),2014-05,5,2014,112.89753947484667
Western Region region,Admin region (AEZ stand-in),2014-05,5,2014,70.49323666264405
Uganda (national),Reference,2014-06,6,2014,104.6479317983684
Karamoja,Focus region,2014-06,6,2014,79.23700227048931
Lake Victoria basin,Focus region,2014-06,6,2014,46.98941949340467
Northern Region region,Admin region (AEZ stand-in),2014-06,6,2014,132.8398250559778
Eastern Region region,Admin region (AEZ stand-in),2014-06,6,2014,148.2068173348659
Central Region region,Admin region (AEZ stand-in),2014-06,6,2014,65.03014115045023
Western Region region,Admin region (AEZ stand-in),2014-06,6,2014,62.524713676216635
Uganda (national),Reference,2014-07,7,2014,87.58409336230005
Karamoja,Focus region,2014-07,7,2014,111.23620942879595
Lake Victoria basin,Focus region,2014-07,7,2014,26.392462277935913
Northern Region region,Admin region (AEZ stand-in),2014-07,7,2014,127.22961230943184
Eastern Region region,Admin region (AEZ stand-in),2014-07,7,2014,111.13926331170428
Central Region region,Admin region (AEZ stand-in),2014-07,7,2014,45.31580172427302
Western Region region,Admin region (AEZ stand-in),2014-07,7,2014,39.44897788397262
Uganda (national),Reference,2014-08,8,2014,159.83116264963013
Karamoja,Focus region,2014-08,8,2014,168.29051397533132
Lake Victoria basin,Focus region,2014-08,8,2014,93.98872072293659
Northern Region region,Admin region (AEZ stand-in),2014-08,8,2014,192.78838334210496
Eastern Region region,Admin region (AEZ stand-in),2014-08,8,2014,178.09874121004884
Central Region region,Admin region (AEZ stand-in),2014-08,8,2014,127.48682130712906
Western Region region,Admin region (AEZ stand-in),2014-08,8,2014,118.36227894398831
Uganda (national),Reference,2014-09,9,2014,130.493925310519
Karamoja,Focus region,2014-09,9,2014,65.73004135189089
Lake Victoria basin,Focus region,2014-09,9,2014,140.4134578733144
Northern Region region,Admin region (AEZ stand-in),2014-09,9,2014,110.54781281015083
Eastern Region region,Admin region (AEZ stand-in),2014-09,9,2014,124.21691692431273
Central Region region,Admin region (AEZ stand-in),2014-09,9,2014,162.06131572111946
Western Region region,Admin region (AEZ stand-in),2014-09,9,2014,143.5183232525828
Uganda (national),Reference,2014-10,10,2014,154.44433518871742
Karamoja,Focus region,2014-10,10,2014,128.9599433604231
Lake Victoria basin,Focus region,2014-10,10,2014,114.37635287270271
Northern Region region,Admin region (AEZ stand-in),2014-10,10,2014,146.9907593901444
Eastern Region region,Admin region (AEZ stand-in),2014-10,10,2014,220.62311873123662
Central Region region,Admin region (AEZ stand-in),2014-10,10,2014,135.38263036809363
Western Region region,Admin region (AEZ stand-in),2014-10,10,2014,144.00175488903338
Uganda (national),Reference,2014-11,11,2014,106.85086179757543
Karamoja,Focus region,2014-11,11,2014,52.410496399809496
Lake Victoria basin,Focus region,2014-11,11,2014,104.77473453614455
Northern Region region,Admin region (AEZ stand-in),2014-11,11,2014,98.42327277957922
Eastern Region region,Admin region (AEZ stand-in),2014-11,11,2014,112.09360824821799
Central Region region,Admin region (AEZ stand-in),2014-11,11,2014,104.62783225014942
Western Region region,Admin region (AEZ stand-in),2014-11,11,2014,119.84413219049607
Uganda (national),Reference,2014-12,12,2014,38.435897292839364
Karamoja,Focus region,2014-12,12,2014,13.948154426278798
Lake Victoria basin,Focus region,2014-12,12,2014,77.16711175238783
Northern Region region,Admin region (AEZ stand-in),2014-12,12,2014,15.158921302207544
Eastern Region region,Admin region (AEZ stand-in),2014-12,12,2014,39.73098102457635
Central Region region,Admin region (AEZ stand-in),2014-12,12,2014,61.75222746077545
Western Region region,Admin region (AEZ stand-in),2014-12,12,2014,59.26915153437337
Uganda (national),Reference,2015-01,1,2015,8.61267179094248
Karamoja,Focus region,2015-01,1,2015,0.17891387871828052
Lake Victoria basin,Focus region,2015-01,1,2015,18.31936259133864
Northern Region region,Admin region (AEZ stand-in),2015-01,1,2015,1.316932503431222
Eastern Region region,Admin region (AEZ stand-in),2015-01,1,2015,7.752112424826094
Central Region region,Admin region (AEZ stand-in),2015-01,1,2015,13.908608815304868
Western Region region,Admin region (AEZ stand-in),2015-01,1,2015,17.417178674209858
Uganda (national),Reference,2015-02,2,2015,28.425075250351025
Karamoja,Focus region,2015-02,2,2015,10.007231899259482
Lake Victoria basin,Focus region,2015-02,2,2015,39.351335308944485
Northern Region region,Admin region (AEZ stand-in),2015-02,2,2015,16.539274284409963
Eastern Region region,Admin region (AEZ stand-in),2015-02,2,2015,23.230694893224847
Central Region region,Admin region (AEZ stand-in),2015-02,2,2015,36.66245539335244
Western Region region,Admin region (AEZ stand-in),2015-02,2,2015,45.220215889264416
Uganda (national),Reference,2015-03,3,2015,77.1117662707706
Karamoja,Focus region,2015-03,3,2015,20.610922542844733
Lake Victoria basin,Focus region,2015-03,3,2015,111.54095015549714
Northern Region region,Admin region (AEZ stand-in),2015-03,3,2015,46.89501369638663
Eastern Region region,Admin region (AEZ stand-in),2015-03,3,2015,71.46000556879055
Central Region region,Admin region (AEZ stand-in),2015-03,3,2015,101.72380819933602
Western Region region,Admin region (AEZ stand-in),2015-03,3,2015,112.60161677382243
Uganda (national),Reference,2015-04,4,2015,183.86539712524976
Karamoja,Focus region,2015-04,4,2015,149.17214381644305
Lake Victoria basin,Focus region,2015-04,4,2015,170.17144357698803
Northern Region region,Admin region (AEZ stand-in),2015-04,4,2015,170.11871619926248
Eastern Region region,Admin region (AEZ stand-in),2015-04,4,2015,221.68738465136644
Central Region region,Admin region (AEZ stand-in),2015-04,4,2015,197.17145899624325
Western Region region,Admin region (AEZ stand-in),2015-04,4,2015,175.33795527600387
Uganda (national),Reference,2015-05,5,2015,120.51315876437465
Karamoja,Focus region,2015-05,5,2015,113.18839083337859
Lake Victoria basin,Focus region,2015-05,5,2015,107.25652510496248
Northern Region region,Admin region (AEZ stand-in),2015-05,5,2015,130.10069267796635
Eastern Region region,Admin region (AEZ stand-in),2015-05,5,2015,163.87052140041067
Central Region region,Admin region (AEZ stand-in),2015-05,5,2015,122.77985533409034
Western Region region,Admin region (AEZ stand-in),2015-05,5,2015,77.9444271147855
Uganda (national),Reference,2015-06,6,2015,128.23408837540418
Karamoja,Focus region,2015-06,6,2015,130.140220281581
Lake Victoria basin,Focus region,2015-06,6,2015,56.766949779383324
Northern Region region,Admin region (AEZ stand-in),2015-06,6,2015,150.8308959483362
Eastern Region region,Admin region (AEZ stand-in),2015-06,6,2015,196.95688592225642
Central Region region,Admin region (AEZ stand-in),2015-06,6,2015,93.33219606839556
Western Region region,Admin region (AEZ stand-in),2015-06,6,2015,77.70854208397935
Uganda (national),Reference,2015-07,7,2015,79.94144901264491
Karamoja,Focus region,2015-07,7,2015,79.56531362758108
Lake Victoria basin,Focus region,2015-07,7,2015,20.62767117333943
Northern Region region,Admin region (AEZ stand-in),2015-07,7,2015,115.232480892098
Eastern Region region,Admin region (AEZ stand-in),2015-07,7,2015,96.64185890978165
Central Region region,Admin region (AEZ stand-in),2015-07,7,2015,37.47038173625795
Western Region region,Admin region (AEZ stand-in),2015-07,7,2015,43.22359142945842
Uganda (national),Reference,2015-08,8,2015,98.07457859721158
Karamoja,Focus region,2015-08,8,2015,67.21954754273746
Lake Victoria basin,Focus region,2015-08,8,2015,68.67027682533069
Northern Region region,Admin region (AEZ stand-in),2015-08,8,2015,106.95985224807171
Eastern Region region,Admin region (AEZ stand-in),2015-08,8,2015,92.54313922091788
Central Region region,Admin region (AEZ stand-in),2015-08,8,2015,84.30923197164076
Western Region region,Admin region (AEZ stand-in),2015-08,8,2015,96.73195394617073
Uganda (national),Reference,2015-09,9,2015,104.3590059015439
Karamoja,Focus region,2015-09,9,2015,67.00401216365184
Lake Victoria basin,Focus region,2015-09,9,2015,97.88382483730621
Northern Region region,Admin region (AEZ stand-in),2015-09,9,2015,88.04595176259285
Eastern Region region,Admin region (AEZ stand-in),2015-09,9,2015,138.367302935245
Central Region region,Admin region (AEZ stand-in),2015-09,9,2015,101.7686046784238
Western Region region,Admin region (AEZ stand-in),2015-09,9,2015,114.63574352765411
Uganda (national),Reference,2015-10,10,2015,184.1023615917575
Karamoja,Focus region,2015-10,10,2015,90.78695315918398
Lake Victoria basin,Focus region,2015-10,10,2015,138.5690297169694
Northern Region region,Admin region (AEZ stand-in),2015-10,10,2015,166.89295521270805
Eastern Region region,Admin region (AEZ stand-in),2015-10,10,2015,263.61232077400547
Central Region region,Admin region (AEZ stand-in),2015-10,10,2015,168.13610717158576
Western Region region,Admin region (AEZ stand-in),2015-10,10,2015,180.27099713005984
Uganda (national),Reference,2015-11,11,2015,170.62409493292967
Karamoja,Focus region,2015-11,11,2015,99.2023862075717
Lake Victoria basin,Focus region,2015-11,11,2015,184.05688792293765
Northern Region region,Admin region (AEZ stand-in),2015-11,11,2015,143.14154145173546
Eastern Region region,Admin region (AEZ stand-in),2015-11,11,2015,221.94236575600888
Central Region region,Admin region (AEZ stand-in),2015-11,11,2015,211.26298729708415
Western Region region,Admin region (AEZ stand-in),2015-11,11,2015,156.70990063549456
Uganda (national),Reference,2015-12,12,2015,59.63910908764408
Karamoja,Focus region,2015-12,12,2015,33.99055042742727
Lake Victoria basin,Focus region,2015-12,12,2015,65.18952287457807
Northern Region region,Admin region (AEZ stand-in),2015-12,12,2015,42.12095639443352
Eastern Region region,Admin region (AEZ stand-in),2015-12,12,2015,97.6787416647187
Central Region region,Admin region (AEZ stand-in),2015-12,12,2015,64.42283453288229
Western Region region,Admin region (AEZ stand-in),2015-12,12,2015,64.08924343811705
Uganda (national),Reference,2016-01,1,2016,34.29166224825724
Karamoja,Focus region,2016-01,1,2016,12.925647012929817
Lake Victoria basin,Focus region,2016-01,1,2016,60.04351972197086
Northern Region region,Admin region (AEZ stand-in),2016-01,1,2016,13.52024803481916
Eastern Region region,Admin region (AEZ stand-in),2016-01,1,2016,48.823407544615755
Central Region region,Admin region (AEZ stand-in),2016-01,1,2016,52.28174085729734
Western Region region,Admin region (AEZ stand-in),2016-01,1,2016,47.468686403061014
Uganda (national),Reference,2016-02,2,2016,17.012948783835405
Karamoja,Focus region,2016-02,2,2016,6.9479172102465805
Lake Victoria basin,Focus region,2016-02,2,2016,31.95592330406485
Northern Region region,Admin region (AEZ stand-in),2016-02,2,2016,7.505744776125139
Eastern Region region,Admin region (AEZ stand-in),2016-02,2,2016,18.498921766659336
Central Region region,Admin region (AEZ stand-in),2016-02,2,2016,26.395977823234425
Western Region region,Admin region (AEZ stand-in),2016-02,2,2016,25.1061212422239
Uganda (national),Reference,2016-03,3,2016,83.74829525687686
Karamoja,Focus region,2016-03,3,2016,41.96467890311145
Lake Victoria basin,Focus region,2016-03,3,2016,120.56202150649216
Northern Region region,Admin region (AEZ stand-in),2016-03,3,2016,59.703832085166226
Eastern Region region,Admin region (AEZ stand-in),2016-03,3,2016,69.89469148790322
Central Region region,Admin region (AEZ stand-in),2016-03,3,2016,101.33844774612214
Western Region region,Admin region (AEZ stand-in),2016-03,3,2016,118.91173893168026
Uganda (national),Reference,2016-04,4,2016,228.70779941413545
Karamoja,Focus region,2016-04,4,2016,235.4361603160232
Lake Victoria basin,Focus region,2016-04,4,2016,203.49557326980153
Northern Region region,Admin region (AEZ stand-in),2016-04,4,2016,220.3328803936873
Eastern Region region,Admin region (AEZ stand-in),2016-04,4,2016,302.0393680397405
Central Region region,Admin region (AEZ stand-in),2016-04,4,2016,239.86276454413755
Western Region region,Admin region (AEZ stand-in),2016-04,4,2016,192.6139719815493
Uganda (national),Reference,2016-05,5,2016,120.85868811931745
Karamoja,Focus region,2016-05,5,2016,97.44942721212611
Lake Victoria basin,Focus region,2016-05,5,2016,103.2328399241682
Northern Region region,Admin region (AEZ stand-in),2016-05,5,2016,121.37416838012496
Eastern Region region,Admin region (AEZ stand-in),2016-05,5,2016,170.6473443557705
Central Region region,Admin region (AEZ stand-in),2016-05,5,2016,116.62980814628327
Western Region region,Admin region (AEZ stand-in),2016-05,5,2016,94.97979291624762
Uganda (national),Reference,2016-06,6,2016,79.56307178380034
Karamoja,Focus region,2016-06,6,2016,89.54413149584727
Lake Victoria basin,Focus region,2016-06,6,2016,30.311958199599545
Northern Region region,Admin region (AEZ stand-in),2016-06,6,2016,99.27714661768857
Eastern Region region,Admin region (AEZ stand-in),2016-06,6,2016,109.22850243643465
Central Region region,Admin region (AEZ stand-in),2016-06,6,2016,56.45598399092979
Western Region region,Admin region (AEZ stand-in),2016-06,6,2016,46.953891465387045
Uganda (national),Reference,2016-07,7,2016,76.71832123789417
Karamoja,Focus region,2016-07,7,2016,100.88266214943991
Lake Victoria basin,Focus region,2016-07,7,2016,19.919521051031282
Northern Region region,Admin region (AEZ stand-in),2016-07,7,2016,108.37500168024998
Eastern Region region,Admin region (AEZ stand-in),2016-07,7,2016,98.35869981085003
Central Region region,Admin region (AEZ stand-in),2016-07,7,2016,40.57827830661207
Western Region region,Admin region (AEZ stand-in),2016-07,7,2016,38.52218676574677
Uganda (national),Reference,2016-08,8,2016,87.82829369559143
Karamoja,Focus region,2016-08,8,2016,64.8628763353446
Lake Victoria basin,Focus region,2016-08,8,2016,43.04826450122591
Northern Region region,Admin region (AEZ stand-in),2016-08,8,2016,99.77717551832987
Eastern Region region,Admin region (AEZ stand-in),2016-08,8,2016,98.25699734981926
Central Region region,Admin region (AEZ stand-in),2016-08,8,2016,70.21895996024007
Western Region region,Admin region (AEZ stand-in),2016-08,8,2016,75.12250992816111
Uganda (national),Reference,2016-09,9,2016,112.24964566725583
Karamoja,Focus region,2016-09,9,2016,57.57335274184475
Lake Victoria basin,Focus region,2016-09,9,2016,107.59765198610982
Northern Region region,Admin region (AEZ stand-in),2016-09,9,2016,89.79370958930033
Eastern Region region,Admin region (AEZ stand-in),2016-09,9,2016,113.34424606674658
Central Region region,Admin region (AEZ stand-in),2016-09,9,2016,145.00710665281215
Western Region region,Admin region (AEZ stand-in),2016-09,9,2016,124.49006603273767
Uganda (national),Reference,2016-10,10,2016,132.45079500326892
Karamoja,Focus region,2016-10,10,2016,78.46769486828865
Lake Victoria basin,Focus region,2016-10,10,2016,106.99554159456159
Northern Region region,Admin region (AEZ stand-in),2016-10,10,2016,130.7831438061703
Eastern Region region,Admin region (AEZ stand-in),2016-10,10,2016,114.89454859230484
Central Region region,Admin region (AEZ stand-in),2016-10,10,2016,111.39066304827573
Western Region region,Admin region (AEZ stand-in),2016-10,10,2016,161.46954199613307
Uganda (national),Reference,2016-11,11,2016,102.496737155322
Karamoja,Focus region,2016-11,11,2016,24.463171925836228
Lake Victoria basin,Focus region,2016-11,11,2016,125.42354952252411
Northern Region region,Admin region (AEZ stand-in),2016-11,11,2016,65.97082009749971
Eastern Region region,Admin region (AEZ stand-in),2016-11,11,2016,90.20571817895564
Central Region region,Admin region (AEZ stand-in),2016-11,11,2016,138.11648676916295
Western Region region,Admin region (AEZ stand-in),2016-11,11,2016,143.94351166669577
Uganda (national),Reference,2016-12,12,2016,28.32413482770014
Karamoja,Focus region,2016-12,12,2016,2.8541598299324957
Lake Victoria basin,Focus region,2016-12,12,2016,63.30643688398483
Northern Region region,Admin region (AEZ stand-in),2016-12,12,2016,9.341465739431001
Eastern Region region,Admin region (AEZ stand-in),2016-12,12,2016,11.788396420996133
Central Region region,Admin region (AEZ stand-in),2016-12,12,2016,51.09412616446743
Western Region region,Admin region (AEZ stand-in),2016-12,12,2016,52.41897758939948
Uganda (national),Reference,2017-01,1,2017,20.594799546783282
Karamoja,Focus region,2017-01,1,2017,12.335722369540852
Lake Victoria basin,Focus region,2017-01,1,2017,31.48994913061781
Northern Region region,Admin region (AEZ stand-in),2017-01,1,2017,8.537170832288954
Eastern Region region,Admin region (AEZ stand-in),2017-01,1,2017,33.49442843177066
Central Region region,Admin region (AEZ stand-in),2017-01,1,2017,25.53297882982724
Western Region region,Admin region (AEZ stand-in),2017-01,1,2017,29.952790215156803
Uganda (national),Reference,2017-02,2,2017,78.43203175495829
Karamoja,Focus region,2017-02,2,2017,47.071771341674214
Lake Victoria basin,Focus region,2017-02,2,2017,82.51676598113912
Northern Region region,Admin region (AEZ stand-in),2017-02,2,2017,58.91454456129714
Eastern Region region,Admin region (AEZ stand-in),2017-02,2,2017,132.03417054850752
Central Region region,Admin region (AEZ stand-in),2017-02,2,2017,94.88720873321955
Western Region region,Admin region (AEZ stand-in),2017-02,2,2017,68.4108391329405
Uganda (national),Reference,2017-03,3,2017,82.55008751493162
Karamoja,Focus region,2017-03,3,2017,37.01845103653471
Lake Victoria basin,Focus region,2017-03,3,2017,133.28122854788722
Northern Region region,Admin region (AEZ stand-in),2017-03,3,2017,55.00553491631988
Eastern Region region,Admin region (AEZ stand-in),2017-03,3,2017,83.10706435617502
Central Region region,Admin region (AEZ stand-in),2017-03,3,2017,131.67939016950615
Western Region region,Admin region (AEZ stand-in),2017-03,3,2017,91.1516667985228
Uganda (national),Reference,2017-04,4,2017,130.71615255944286
Karamoja,Focus region,2017-04,4,2017,57.80100808004662
Lake Victoria basin,Focus region,2017-04,4,2017,160.59302723635352
Northern Region region,Admin region (AEZ stand-in),2017-04,4,2017,95.17786301096157
Eastern Region region,Admin region (AEZ stand-in),2017-04,4,2017,153.20548553632955
Central Region region,Admin region (AEZ stand-in),2017-04,4,2017,190.38463781147436
Western Region region,Admin region (AEZ stand-in),2017-04,4,2017,132.1596966890517
Uganda (national),Reference,2017-05,5,2017,131.41649418822493
Karamoja,Focus region,2017-05,5,2017,112.19179713381956
Lake Victoria basin,Focus region,2017-05,5,2017,130.0731940166547
Northern Region region,Admin region (AEZ stand-in),2017-05,5,2017,127.57319803184376
Eastern Region region,Admin region (AEZ stand-in),2017-05,5,2017,216.90429687025693
Central Region region,Admin region (AEZ stand-in),2017-05,5,2017,134.98357843327014
Western Region region,Admin region (AEZ stand-in),2017-05,5,2017,86.56091420343225
Uganda (national),Reference,2017-06,6,2017,77.93740775258975
Karamoja,Focus region,2017-06,6,2017,59.79848127315349
Lake Victoria basin,Focus region,2017-06,6,2017,27.740343007796
Northern Region region,Admin region (AEZ stand-in),2017-06,6,2017,103.80379784626581
Eastern Region region,Admin region (AEZ stand-in),2017-06,6,2017,103.35140290112867
Central Region region,Admin region (AEZ stand-in),2017-06,6,2017,50.31265950944106
Western Region region,Admin region (AEZ stand-in),2017-06,6,2017,40.80677410629011
Uganda (national),Reference,2017-07,7,2017,148.18534630423636
Karamoja,Focus region,2017-07,7,2017,233.19130617109408
Lake Victoria basin,Focus region,2017-07,7,2017,42.65801863841277
Northern Region region,Admin region (AEZ stand-in),2017-07,7,2017,211.35579935589914
Eastern Region region,Admin region (AEZ stand-in),2017-07,7,2017,191.7958176878665
Central Region region,Admin region (AEZ stand-in),2017-07,7,2017,77.98676657498973
Western Region region,Admin region (AEZ stand-in),2017-07,7,2017,70.22086271513861
Uganda (national),Reference,2017-08,8,2017,133.1591018785897
Karamoja,Focus region,2017-08,8,2017,115.05885822276278
Lake Victoria basin,Focus region,2017-08,8,2017,80.20775616873176
Northern Region region,Admin region (AEZ stand-in),2017-08,8,2017,160.81646656617377
Eastern Region region,Admin region (AEZ stand-in),2017-08,8,2017,139.97684822524508
Central Region region,Admin region (AEZ stand-in),2017-08,8,2017,90.38395813923383
Western Region region,Admin region (AEZ stand-in),2017-08,8,2017,115.13609022095905
Uganda (national),Reference,2017-09,9,2017,147.07825150632343
Karamoja,Focus region,2017-09,9,2017,111.14171124160517
Lake Victoria basin,Focus region,2017-09,9,2017,114.39243724009894
Northern Region region,Admin region (AEZ stand-in),2017-09,9,2017,140.06145851559094
Eastern Region region,Admin region (AEZ stand-in),2017-09,9,2017,181.94326466823296
Central Region region,Admin region (AEZ stand-in),2017-09,9,2017,147.27957695393744
Western Region region,Admin region (AEZ stand-in),2017-09,9,2017,138.95165094776752
Uganda (national),Reference,2017-10,10,2017,125.81815346392943
Karamoja,Focus region,2017-10,10,2017,134.6449647596308
Lake Victoria basin,Focus region,2017-10,10,2017,113.72568766322183
Northern Region region,Admin region (AEZ stand-in),2017-10,10,2017,124.19620282903838
Eastern Region region,Admin region (AEZ stand-in),2017-10,10,2017,131.84059981733574
Central Region region,Admin region (AEZ stand-in),2017-10,10,2017,106.52192893487387
Western Region region,Admin region (AEZ stand-in),2017-10,10,2017,140.05170657472246
Uganda (national),Reference,2017-11,11,2017,98.09272020076301
Karamoja,Focus region,2017-11,11,2017,43.86125840214091
Lake Victoria basin,Focus region,2017-11,11,2017,123.40235592914058
Northern Region region,Admin region (AEZ stand-in),2017-11,11,2017,71.16128997401455
Eastern Region region,Admin region (AEZ stand-in),2017-11,11,2017,113.07479593071713
Central Region region,Admin region (AEZ stand-in),2017-11,11,2017,112.57399121693057
Western Region region,Admin region (AEZ stand-in),2017-11,11,2017,124.04963055360865
Uganda (national),Reference,2017-12,12,2017,19.451350043451516
Karamoja,Focus region,2017-12,12,2017,5.689591886650458
Lake Victoria basin,Focus region,2017-12,12,2017,47.56216308444193
Northern Region region,Admin region (AEZ stand-in),2017-12,12,2017,5.526067565829503
Eastern Region region,Admin region (AEZ stand-in),2017-12,12,2017,11.865456662127736
Central Region region,Admin region (AEZ stand-in),2017-12,12,2017,32.215841442140295
Western Region region,Admin region (AEZ stand-in),2017-12,12,2017,37.585200372098015
Uganda (national),Reference,2018-01,1,2018,14.933312125915293
Karamoja,Focus region,2018-01,1,2018,0.9717227872755759
Lake Victoria basin,Focus region,2018-01,1,2018,41.33461921674514
Northern Region region,Admin region (AEZ stand-in),2018-01,1,2018,0.9518918224517299
Eastern Region region,Admin region (AEZ stand-in),2018-01,1,2018,14.990932538615734
Central Region region,Admin region (AEZ stand-in),2018-01,1,2018,25.146352080292935
Western Region region,Admin region (AEZ stand-in),2018-01,1,2018,30.800153516135214
Uganda (national),Reference,2018-02,2,2018,39.97521406218836
Karamoja,Focus region,2018-02,2,2018,13.411357475926739
Lake Victoria basin,Focus region,2018-02,2,2018,50.37852660397755
Northern Region region,Admin region (AEZ stand-in),2018-02,2,2018,25.24477005424489
Eastern Region region,Admin region (AEZ stand-in),2018-02,2,2018,48.18449375511126
Central Region region,Admin region (AEZ stand-in),2018-02,2,2018,53.065207606754484
Western Region region,Admin region (AEZ stand-in),2018-02,2,2018,50.2818289086173
Uganda (national),Reference,2018-03,3,2018,162.50823369680975
Karamoja,Focus region,2018-03,3,2018,123.42814392996704
Lake Victoria basin,Focus region,2018-03,3,2018,176.28521603779524
Northern Region region,Admin region (AEZ stand-in),2018-03,3,2018,140.79886718566632
Eastern Region region,Admin region (AEZ stand-in),2018-03,3,2018,178.59702115710655
Central Region region,Admin region (AEZ stand-in),2018-03,3,2018,190.1646674025448
Western Region region,Admin region (AEZ stand-in),2018-03,3,2018,169.00068177594653
Uganda (national),Reference,2018-04,4,2018,220.34486768963566
Karamoja,Focus region,2018-04,4,2018,234.72064415991434
Lake Victoria basin,Focus region,2018-04,4,2018,201.38998231233953
Northern Region region,Admin region (AEZ stand-in),2018-04,4,2018,207.82533242485624
Eastern Region region,Admin region (AEZ stand-in),2018-04,4,2018,262.64668575108027
Central Region region,Admin region (AEZ stand-in),2018-04,4,2018,215.17176586547924
Western Region region,Admin region (AEZ stand-in),2018-04,4,2018,221.47895381035326
Uganda (national),Reference,2018-05,5,2018,184.35436878079815
Karamoja,Focus region,2018-05,5,2018,232.7176614270063
Lake Victoria basin,Focus region,2018-05,5,2018,119.80035863923592
Northern Region region,Admin region (AEZ stand-in),2018-05,5,2018,216.03165085102606
Eastern Region region,Admin region (AEZ stand-in),2018-05,5,2018,266.395527098921
Central Region region,Admin region (AEZ stand-in),2018-05,5,2018,144.76646595837832
Western Region region,Admin region (AEZ stand-in),2018-05,5,2018,114.7305273133076
Uganda (national),Reference,2018-06,6,2018,119.97281513246062
Karamoja,Focus region,2018-06,6,2018,164.49106332972963
Lake Victoria basin,Focus region,2018-06,6,2018,54.331004675490696
Northern Region region,Admin region (AEZ stand-in),2018-06,6,2018,160.80104823262894
Eastern Region region,Admin region (AEZ stand-in),2018-06,6,2018,152.65828397469434
Central Region region,Admin region (AEZ stand-in),2018-06,6,2018,81.63879731176384
Western Region region,Admin region (AEZ stand-in),2018-06,6,2018,61.701334307115744
Uganda (national),Reference,2018-07,7,2018,67.81595143313987
Karamoja,Focus region,2018-07,7,2018,83.14309037765152
Lake Victoria basin,Focus region,2018-07,7,2018,17.66219854016059
Northern Region region,Admin region (AEZ stand-in),2018-07,7,2018,97.71147112882053
Eastern Region region,Admin region (AEZ stand-in),2018-07,7,2018,90.24486511619058
Central Region region,Admin region (AEZ stand-in),2018-07,7,2018,35.197818158265584
Western Region region,Admin region (AEZ stand-in),2018-07,7,2018,29.442899292187903
Uganda (national),Reference,2018-08,8,2018,139.14998630687865
Karamoja,Focus region,2018-08,8,2018,138.8879339205005
Lake Victoria basin,Focus region,2018-08,8,2018,95.3206470715181
Northern Region region,Admin region (AEZ stand-in),2018-08,8,2018,162.38110473111922
Eastern Region region,Admin region (AEZ stand-in),2018-08,8,2018,135.90645636410915
Central Region region,Admin region (AEZ stand-in),2018-08,8,2018,121.53076005702913
Western Region region,Admin region (AEZ stand-in),2018-08,8,2018,115.12853945096761
Uganda (national),Reference,2018-09,9,2018,109.22636798103464
Karamoja,Focus region,2018-09,9,2018,43.02246817250585
Lake Victoria basin,Focus region,2018-09,9,2018,123.55112945182458
Northern Region region,Admin region (AEZ stand-in),2018-09,9,2018,97.14289973516189
Eastern Region region,Admin region (AEZ stand-in),2018-09,9,2018,82.96685536890789
Central Region region,Admin region (AEZ stand-in),2018-09,9,2018,113.28243606656125
Western Region region,Admin region (AEZ stand-in),2018-09,9,2018,141.42330552956525
Uganda (national),Reference,2018-10,10,2018,126.0743705801047
Karamoja,Focus region,2018-10,10,2018,64.49832040060387
Lake Victoria basin,Focus region,2018-10,10,2018,127.67154542330765
Northern Region region,Admin region (AEZ stand-in),2018-10,10,2018,117.04530420875025
Eastern Region region,Admin region (AEZ stand-in),2018-10,10,2018,130.54318648224907
Central Region region,Admin region (AEZ stand-in),2018-10,10,2018,124.91343838330181
Western Region region,Admin region (AEZ stand-in),2018-10,10,2018,139.62882241499122
Uganda (national),Reference,2018-11,11,2018,81.42342915844982
Karamoja,Focus region,2018-11,11,2018,19.209156370903372
Lake Victoria basin,Focus region,2018-11,11,2018,93.84504217425086
Northern Region region,Admin region (AEZ stand-in),2018-11,11,2018,65.61548074901975
Eastern Region region,Admin region (AEZ stand-in),2018-11,11,2018,68.6237425558085
Central Region region,Admin region (AEZ stand-in),2018-11,11,2018,86.28709683691237
Western Region region,Admin region (AEZ stand-in),2018-11,11,2018,111.69352957996885
Uganda (national),Reference,2018-12,12,2018,86.74325537700467
Karamoja,Focus region,2018-12,12,2018,35.31734964948641
Lake Victoria basin,Focus region,2018-12,12,2018,132.81942455177875
Northern Region region,Admin region (AEZ stand-in),2018-12,12,2018,48.53144896693866
Eastern Region region,Admin region (AEZ stand-in),2018-12,12,2018,85.12025548112238
Central Region region,Admin region (AEZ stand-in),2018-12,12,2018,131.4153726301247
Western Region region,Admin region (AEZ stand-in),2018-12,12,2018,118.06421538148109
Uganda (national),Reference,2019-01,1,2019,27.890125817828032
Karamoja,Focus region,2019-01,1,2019,1.5958205893638164
Lake Victoria basin,Focus region,2019-01,1,2019,72.19986523496806
Northern Region region,Admin region (AEZ stand-in),2019-01,1,2019,5.781541490361299
Eastern Region region,Admin region (AEZ stand-in),2019-01,1,2019,16.288328038420453
Central Region region,Admin region (AEZ stand-in),2019-01,1,2019,52.6697729193814
Western Region region,Admin region (AEZ stand-in),2019-01,1,2019,52.943529833033956
Uganda (national),Reference,2019-02,2,2019,33.56565920992302
Karamoja,Focus region,2019-02,2,2019,12.78393764895646
Lake Victoria basin,Focus region,2019-02,2,2019,49.86348272164051
Northern Region region,Admin region (AEZ stand-in),2019-02,2,2019,19.987341745854994
Eastern Region region,Admin region (AEZ stand-in),2019-02,2,2019,45.90490102182887
Central Region region,Admin region (AEZ stand-in),2019-02,2,2019,51.48494968656375
Western Region region,Admin region (AEZ stand-in),2019-02,2,2019,35.817065518333
Uganda (national),Reference,2019-03,3,2019,70.7172178294224
Karamoja,Focus region,2019-03,3,2019,39.351922303099876
Lake Victoria basin,Focus region,2019-03,3,2019,91.79537465567515
Northern Region region,Admin region (AEZ stand-in),2019-03,3,2019,45.88000210440068
Eastern Region region,Admin region (AEZ stand-in),2019-03,3,2019,94.32941796384684
Central Region region,Admin region (AEZ stand-in),2019-03,3,2019,91.98328070613726
Western Region region,Admin region (AEZ stand-in),2019-03,3,2019,83.0310739272263
Uganda (national),Reference,2019-04,4,2019,132.3436225981655
Karamoja,Focus region,2019-04,4,2019,67.80082064283174
Lake Victoria basin,Focus region,2019-04,4,2019,135.3755247173639
Northern Region region,Admin region (AEZ stand-in),2019-04,4,2019,103.35901451780325
Eastern Region region,Admin region (AEZ stand-in),2019-04,4,2019,175.1171287511826
Central Region region,Admin region (AEZ stand-in),2019-04,4,2019,152.0780146295905
Western Region region,Admin region (AEZ stand-in),2019-04,4,2019,141.91735966981017
Uganda (national),Reference,2019-05,5,2019,144.3655892505769
Karamoja,Focus region,2019-05,5,2019,101.72384693292318
Lake Victoria basin,Focus region,2019-05,5,2019,141.73800750902694
Northern Region region,Admin region (AEZ stand-in),2019-05,5,2019,137.40572132804772
Eastern Region region,Admin region (AEZ stand-in),2019-05,5,2019,211.8327732415238
Central Region region,Admin region (AEZ stand-in),2019-05,5,2019,168.0046052468318
Western Region region,Admin region (AEZ stand-in),2019-05,5,2019,99.7232689890354
Uganda (national),Reference,2019-06,6,2019,133.24992808602985
Karamoja,Focus region,2019-06,6,2019,164.8459598659414
Lake Victoria basin,Focus region,2019-06,6,2019,42.0762836198253
Northern Region region,Admin region (AEZ stand-in),2019-06,6,2019,187.10922254163668
Eastern Region region,Admin region (AEZ stand-in),2019-06,6,2019,170.0928865725776
Central Region region,Admin region (AEZ stand-in),2019-06,6,2019,68.41954690758546
Western Region region,Admin region (AEZ stand-in),2019-06,6,2019,70.93552683013705
Uganda (national),Reference,2019-07,7,2019,107.72576079052774
Karamoja,Focus region,2019-07,7,2019,140.66375302291868
Lake Victoria basin,Focus region,2019-07,7,2019,40.13167704972382
Northern Region region,Admin region (AEZ stand-in),2019-07,7,2019,142.29079981149155
Eastern Region region,Admin region (AEZ stand-in),2019-07,7,2019,135.03425133943736
Central Region region,Admin region (AEZ stand-in),2019-07,7,2019,73.33724403070828
Western Region region,Admin region (AEZ stand-in),2019-07,7,2019,60.01475316405714
Uganda (national),Reference,2019-08,8,2019,138.18276680571236
Karamoja,Focus region,2019-08,8,2019,130.06607160734248
Lake Victoria basin,Focus region,2019-08,8,2019,93.18211643256602
Northern Region region,Admin region (AEZ stand-in),2019-08,8,2019,159.59088396637864
Eastern Region region,Admin region (AEZ stand-in),2019-08,8,2019,164.54724839602372
Central Region region,Admin region (AEZ stand-in),2019-08,8,2019,127.13656713250823
Western Region region,Admin region (AEZ stand-in),2019-08,8,2019,95.2897803204932
Uganda (national),Reference,2019-09,9,2019,116.8309180863447
Karamoja,Focus region,2019-09,9,2019,81.8055396563937
Lake Victoria basin,Focus region,2019-09,9,2019,96.96290161361371
Northern Region region,Admin region (AEZ stand-in),2019-09,9,2019,107.69918247427586
Eastern Region region,Admin region (AEZ stand-in),2019-09,9,2019,152.67557116836844
Central Region region,Admin region (AEZ stand-in),2019-09,9,2019,108.47299053534095
Western Region region,Admin region (AEZ stand-in),2019-09,9,2019,118.33257735125513
Uganda (national),Reference,2019-10,10,2019,207.09651568689821
Karamoja,Focus region,2019-10,10,2019,182.594590782444
Lake Victoria basin,Focus region,2019-10,10,2019,175.30765767531904
Northern Region region,Admin region (AEZ stand-in),2019-10,10,2019,188.47167839767005
Eastern Region region,Admin region (AEZ stand-in),2019-10,10,2019,314.4851232517326
Central Region region,Admin region (AEZ stand-in),2019-10,10,2019,214.4444556870836
Western Region region,Admin region (AEZ stand-in),2019-10,10,2019,172.00423274570966
Uganda (national),Reference,2019-11,11,2019,154.96575099511648
Karamoja,Focus region,2019-11,11,2019,58.2873601287958
Lake Victoria basin,Focus region,2019-11,11,2019,223.35782856638002
Northern Region region,Admin region (AEZ stand-in),2019-11,11,2019,112.62002253605816
Eastern Region region,Admin region (AEZ stand-in),2019-11,11,2019,164.65350078338267
Central Region region,Admin region (AEZ stand-in),2019-11,11,2019,224.35591983550313
Western Region region,Admin region (AEZ stand-in),2019-11,11,2019,167.79578384926046
Uganda (national),Reference,2019-12,12,2019,122.28156739938193
Karamoja,Focus region,2019-12,12,2019,70.46558548136754
Lake Victoria basin,Focus region,2019-12,12,2019,124.81825112335599
Northern Region region,Admin region (AEZ stand-in),2019-12,12,2019,101.41263274530661
Eastern Region region,Admin region (AEZ stand-in),2019-12,12,2019,187.58261179701321
Central Region region,Admin region (AEZ stand-in),2019-12,12,2019,153.7108444224341
Western Region region,Admin region (AEZ stand-in),2019-12,12,2019,96.3631478656393
Uganda (national),Reference,2020-01,1,2020,44.63972280428104
Karamoja,Focus region,2020-01,1,2020,17.800052461401105
Lake Victoria basin,Focus region,2020-01,1,2020,92.53511669698105
Northern Region region,Admin region (AEZ stand-in),2020-01,1,2020,17.12870267238397
Eastern Region region,Admin region (AEZ stand-in),2020-01,1,2020,66.57445110161717
Central Region region,Admin region (AEZ stand-in),2020-01,1,2020,81.47173810619131
Western Region region,Admin region (AEZ stand-in),2020-01,1,2020,50.52447588723453
Uganda (national),Reference,2020-02,2,2020,35.604063742317344
Karamoja,Focus region,2020-02,2,2020,19.210315116496997
Lake Victoria basin,Focus region,2020-02,2,2020,50.89881158541009
Northern Region region,Admin region (AEZ stand-in),2020-02,2,2020,23.64268466203869
Eastern Region region,Admin region (AEZ stand-in),2020-02,2,2020,46.1625482350419
Central Region region,Admin region (AEZ stand-in),2020-02,2,2020,46.725208009435995
Western Region region,Admin region (AEZ stand-in),2020-02,2,2020,41.37809999250164
Uganda (national),Reference,2020-03,3,2020,161.82516052829666
Karamoja,Focus region,2020-03,3,2020,165.71582747614642
Lake Victoria basin,Focus region,2020-03,3,2020,139.7522373603742
Northern Region region,Admin region (AEZ stand-in),2020-03,3,2020,154.64802804944824
Eastern Region region,Admin region (AEZ stand-in),2020-03,3,2020,251.07512468519417
Central Region region,Admin region (AEZ stand-in),2020-03,3,2020,169.2102951248636
Western Region region,Admin region (AEZ stand-in),2020-03,3,2020,117.66144475588061
Uganda (national),Reference,2020-04,4,2020,168.5454131169413
Karamoja,Focus region,2020-04,4,2020,152.91139338591606
Lake Victoria basin,Focus region,2020-04,4,2020,226.67144851425454
Northern Region region,Admin region (AEZ stand-in),2020-04,4,2020,133.6928421618262
Eastern Region region,Admin region (AEZ stand-in),2020-04,4,2020,202.13877208008896
Central Region region,Admin region (AEZ stand-in),2020-04,4,2020,223.1740827826318
Western Region region,Admin region (AEZ stand-in),2020-04,4,2020,166.5603531309597
Uganda (national),Reference,2020-05,5,2020,121.59711141353337
Karamoja,Focus region,2020-05,5,2020,121.12572750759813
Lake Victoria basin,Focus region,2020-05,5,2020,99.18072867934764
Northern Region region,Admin region (AEZ stand-in),2020-05,5,2020,134.8883768641614
Eastern Region region,Admin region (AEZ stand-in),2020-05,5,2020,163.22277592057193
Central Region region,Admin region (AEZ stand-in),2020-05,5,2020,117.15742946389504
Western Region region,Admin region (AEZ stand-in),2020-05,5,2020,78.90028079599875
Uganda (national),Reference,2020-06,6,2020,102.43416388107538
Karamoja,Focus region,2020-06,6,2020,142.72169147080203
Lake Victoria basin,Focus region,2020-06,6,2020,30.62355655037629
Northern Region region,Admin region (AEZ stand-in),2020-06,6,2020,138.46006992316987
Eastern Region region,Admin region (AEZ stand-in),2020-06,6,2020,140.97398518812525
Central Region region,Admin region (AEZ stand-in),2020-06,6,2020,46.94607397816482
Western Region region,Admin region (AEZ stand-in),2020-06,6,2020,62.12154029179031
Uganda (national),Reference,2020-07,7,2020,114.30803923545581
Karamoja,Focus region,2020-07,7,2020,137.67836536900055
Lake Victoria basin,Focus region,2020-07,7,2020,45.56260190119418
Northern Region region,Admin region (AEZ stand-in),2020-07,7,2020,156.06995365475407
Eastern Region region,Admin region (AEZ stand-in),2020-07,7,2020,145.94910236620623
Central Region region,Admin region (AEZ stand-in),2020-07,7,2020,79.93214511258515
Western Region region,Admin region (AEZ stand-in),2020-07,7,2020,51.81792842240367
Uganda (national),Reference,2020-08,8,2020,159.12090399826144
Karamoja,Focus region,2020-08,8,2020,198.72342946592926
Lake Victoria basin,Focus region,2020-08,8,2020,70.91825064061128
Northern Region region,Admin region (AEZ stand-in),2020-08,8,2020,191.92475500548878
Eastern Region region,Admin region (AEZ stand-in),2020-08,8,2020,231.88624397903217
Central Region region,Admin region (AEZ stand-in),2020-08,8,2020,111.034663329428
Western Region region,Admin region (AEZ stand-in),2020-08,8,2020,98.99078928380698
Uganda (national),Reference,2020-09,9,2020,143.66566748691918
Karamoja,Focus region,2020-09,9,2020,143.74292691107337
Lake Victoria basin,Focus region,2020-09,9,2020,105.84329050168917
Northern Region region,Admin region (AEZ stand-in),2020-09,9,2020,149.45291751775895
Eastern Region region,Admin region (AEZ stand-in),2020-09,9,2020,177.99545390390136
Central Region region,Admin region (AEZ stand-in),2020-09,9,2020,132.94893403247218
Western Region region,Admin region (AEZ stand-in),2020-09,9,2020,122.55622288565303
Uganda (national),Reference,2020-10,10,2020,182.02325313794617
Karamoja,Focus region,2020-10,10,2020,169.06717619199827
Lake Victoria basin,Focus region,2020-10,10,2020,150.09088235670507
Northern Region region,Admin region (AEZ stand-in),2020-10,10,2020,189.24320670124297
Eastern Region region,Admin region (AEZ stand-in),2020-10,10,2020,211.45456342887684
Central Region region,Admin region (AEZ stand-in),2020-10,10,2020,138.18005534344505
Western Region region,Admin region (AEZ stand-in),2020-10,10,2020,186.8404639746528
Uganda (national),Reference,2020-11,11,2020,156.38226119915484
Karamoja,Focus region,2020-11,11,2020,64.26460566842448
Lake Victoria basin,Focus region,2020-11,11,2020,158.56939345373718
Northern Region region,Admin region (AEZ stand-in),2020-11,11,2020,103.65462013014104
Eastern Region region,Admin region (AEZ stand-in),2020-11,11,2020,289.4809702713513
Central Region region,Admin region (AEZ stand-in),2020-11,11,2020,211.6360670565666
Western Region region,Admin region (AEZ stand-in),2020-11,11,2020,127.53041590368323
Uganda (national),Reference,2020-12,12,2020,62.091671167992665
Karamoja,Focus region,2020-12,12,2020,14.886747001608496
Lake Victoria basin,Focus region,2020-12,12,2020,141.3084327911548
Northern Region region,Admin region (AEZ stand-in),2020-12,12,2020,23.66931584704822
Eastern Region region,Admin region (AEZ stand-in),2020-12,12,2020,38.38903487373203
Central Region region,Admin region (AEZ stand-in),2020-12,12,2020,104.63512230812249
Western Region region,Admin region (AEZ stand-in),2020-12,12,2020,108.0734409156541
Uganda (national),Reference,2021-01,1,2021,42.921041568439804
Karamoja,Focus region,2021-01,1,2021,16.360187705614162
Lake Victoria basin,Focus region,2021-01,1,2021,73.00609456366078
Northern Region region,Admin region (AEZ stand-in),2021-01,1,2021,16.854717678487724
Eastern Region region,Admin region (AEZ stand-in),2021-01,1,2021,60.02896378778432
Central Region region,Admin region (AEZ stand-in),2021-01,1,2021,69.65681645765457
Western Region region,Admin region (AEZ stand-in),2021-01,1,2021,56.91990344805706
Uganda (national),Reference,2021-02,2,2021,34.112529971998676
Karamoja,Focus region,2021-02,2,2021,15.784270056327204
Lake Victoria basin,Focus region,2021-02,2,2021,52.382626489059604
Northern Region region,Admin region (AEZ stand-in),2021-02,2,2021,16.278726237266206
Eastern Region region,Admin region (AEZ stand-in),2021-02,2,2021,49.049197368475845
Central Region region,Admin region (AEZ stand-in),2021-02,2,2021,45.64616263866055
Western Region region,Admin region (AEZ stand-in),2021-02,2,2021,47.08270895118075
Uganda (national),Reference,2021-03,3,2021,69.11538671444904
Karamoja,Focus region,2021-03,3,2021,30.63501141706433
Lake Victoria basin,Focus region,2021-03,3,2021,117.31462501723239
Northern Region region,Admin region (AEZ stand-in),2021-03,3,2021,34.87475965829044
Eastern Region region,Admin region (AEZ stand-in),2021-03,3,2021,67.32768278054965
Central Region region,Admin region (AEZ stand-in),2021-03,3,2021,107.37389819766656
Western Region region,Admin region (AEZ stand-in),2021-03,3,2021,98.80593914139234
Uganda (national),Reference,2021-04,4,2021,154.44079165593632
Karamoja,Focus region,2021-04,4,2021,117.19870774596653
Lake Victoria basin,Focus region,2021-04,4,2021,167.38031834271058
Northern Region region,Admin region (AEZ stand-in),2021-04,4,2021,124.16346145772707
Eastern Region region,Admin region (AEZ stand-in),2021-04,4,2021,235.68100410196092
Central Region region,Admin region (AEZ stand-in),2021-04,4,2021,193.13408205377561
Western Region region,Admin region (AEZ stand-in),2021-04,4,2021,129.79820037741644
Uganda (national),Reference,2021-05,5,2021,144.2259199831997
Karamoja,Focus region,2021-05,5,2021,166.70028601398
Lake Victoria basin,Focus region,2021-05,5,2021,108.64585701000254
Northern Region region,Admin region (AEZ stand-in),2021-05,5,2021,174.83554872660633
Eastern Region region,Admin region (AEZ stand-in),2021-05,5,2021,179.8296986529467
Central Region region,Admin region (AEZ stand-in),2021-05,5,2021,124.90854473117754
Western Region region,Admin region (AEZ stand-in),2021-05,5,2021,86.90158147113435
Uganda (national),Reference,2021-06,6,2021,64.42628703110545
Karamoja,Focus region,2021-06,6,2021,48.304711572123644
Lake Victoria basin,Focus region,2021-06,6,2021,24.43199327308236
Northern Region region,Admin region (AEZ stand-in),2021-06,6,2021,81.24329721981861
Eastern Region region,Admin region (AEZ stand-in),2021-06,6,2021,88.93591774588553
Central Region region,Admin region (AEZ stand-in),2021-06,6,2021,37.7254113918127
Western Region region,Admin region (AEZ stand-in),2021-06,6,2021,42.43462243627131
Uganda (national),Reference,2021-07,7,2021,71.29781882609699
Karamoja,Focus region,2021-07,7,2021,90.19604909635453
Lake Victoria basin,Focus region,2021-07,7,2021,27.85521586382564
Northern Region region,Admin region (AEZ stand-in),2021-07,7,2021,100.41915990797632
Eastern Region region,Admin region (AEZ stand-in),2021-07,7,2021,82.20055529322619
Central Region region,Admin region (AEZ stand-in),2021-07,7,2021,42.17903108168451
Western Region region,Admin region (AEZ stand-in),2021-07,7,2021,38.11316221446495
Uganda (national),Reference,2021-08,8,2021,113.40285759022888
Karamoja,Focus region,2021-08,8,2021,79.24076409174904
Lake Victoria basin,Focus region,2021-08,8,2021,88.36772328812299
Northern Region region,Admin region (AEZ stand-in),2021-08,8,2021,116.62503772320842
Eastern Region region,Admin region (AEZ stand-in),2021-08,8,2021,127.63763327233694
Central Region region,Admin region (AEZ stand-in),2021-08,8,2021,109.3386612190483
Western Region region,Admin region (AEZ stand-in),2021-08,8,2021,102.86886455947563
Uganda (national),Reference,2021-09,9,2021,130.77864352752684
Karamoja,Focus region,2021-09,9,2021,128.00742468018552
Lake Victoria basin,Focus region,2021-09,9,2021,90.79843043342196
Northern Region region,Admin region (AEZ stand-in),2021-09,9,2021,142.34893647950898
Eastern Region region,Admin region (AEZ stand-in),2021-09,9,2021,163.47831509721019
Central Region region,Admin region (AEZ stand-in),2021-09,9,2021,98.9351932774785
Western Region region,Admin region (AEZ stand-in),2021-09,9,2021,117.10351162894591
Uganda (national),Reference,2021-10,10,2021,124.28249682420979
Karamoja,Focus region,2021-10,10,2021,73.92970830526802
Lake Victoria basin,Focus region,2021-10,10,2021,125.06748597556884
Northern Region region,Admin region (AEZ stand-in),2021-10,10,2021,110.62827265066343
Eastern Region region,Admin region (AEZ stand-in),2021-10,10,2021,127.28425764309068
Central Region region,Admin region (AEZ stand-in),2021-10,10,2021,126.42345358720297
Western Region region,Admin region (AEZ stand-in),2021-10,10,2021,143.8609430217849
Uganda (national),Reference,2021-11,11,2021,78.50690432497278
Karamoja,Focus region,2021-11,11,2021,24.04843821360355
Lake Victoria basin,Focus region,2021-11,11,2021,100.23780966718817
Northern Region region,Admin region (AEZ stand-in),2021-11,11,2021,50.69953377057249
Eastern Region region,Admin region (AEZ stand-in),2021-11,11,2021,68.37929148010919
Central Region region,Admin region (AEZ stand-in),2021-11,11,2021,101.14890612174274
Western Region region,Admin region (AEZ stand-in),2021-11,11,2021,113.96541110829273
Uganda (national),Reference,2021-12,12,2021,49.39787124007192
Karamoja,Focus region,2021-12,12,2021,7.323510404577076
Lake Victoria basin,Focus region,2021-12,12,2021,95.68610239524168
Northern Region region,Admin region (AEZ stand-in),2021-12,12,2021,13.016706780457012
Eastern Region region,Admin region (AEZ stand-in),2021-12,12,2021,28.64971659741322
Central Region region,Admin region (AEZ stand-in),2021-12,12,2021,77.41556065825208
Western Region region,Admin region (AEZ stand-in),2021-12,12,2021,101.37777650695048
Uganda (national),Reference,2022-01,1,2022,46.465764621482265
Karamoja,Focus region,2022-01,1,2022,16.702250348268777
Lake Victoria basin,Focus region,2022-01,1,2022,77.87292370123782
Northern Region region,Admin region (AEZ stand-in),2022-01,1,2022,19.755102934306723
Eastern Region region,Admin region (AEZ stand-in),2022-01,1,2022,67.50578460666203
Central Region region,Admin region (AEZ stand-in),2022-01,1,2022,84.33910776750432
Western Region region,Admin region (AEZ stand-in),2022-01,1,2022,50.703684305059355
Uganda (national),Reference,2022-02,2,2022,56.765336756998465
Karamoja,Focus region,2022-02,2,2022,14.691108713648397
Lake Victoria basin,Focus region,2022-02,2,2022,88.82884172338669
Northern Region region,Admin region (AEZ stand-in),2022-02,2,2022,19.34424454193181
Eastern Region region,Admin region (AEZ stand-in),2022-02,2,2022,93.2408294888086
Central Region region,Admin region (AEZ stand-in),2022-02,2,2022,92.15128959167089
Western Region region,Admin region (AEZ stand-in),2022-02,2,2022,72.38968800273898
Uganda (national),Reference,2022-03,3,2022,86.30234000056993
Karamoja,Focus region,2022-03,3,2022,36.80428422242642
Lake Victoria basin,Focus region,2022-03,3,2022,108.42355302851234
Northern Region region,Admin region (AEZ stand-in),2022-03,3,2022,58.48965330369005
Eastern Region region,Admin region (AEZ stand-in),2022-03,3,2022,96.41888635687565
Central Region region,Admin region (AEZ stand-in),2022-03,3,2022,112.81955528253076
Western Region region,Admin region (AEZ stand-in),2022-03,3,2022,107.23137530840727
Uganda (national),Reference,2022-04,4,2022,136.50817419158858
Karamoja,Focus region,2022-04,4,2022,99.68977525371503
Lake Victoria basin,Focus region,2022-04,4,2022,219.80576368801925
Northern Region region,Admin region (AEZ stand-in),2022-04,4,2022,86.16264569765022
Eastern Region region,Admin region (AEZ stand-in),2022-04,4,2022,164.89776829581382
Central Region region,Admin region (AEZ stand-in),2022-04,4,2022,211.66000380313506
Western Region region,Admin region (AEZ stand-in),2022-04,4,2022,147.91315155362128
Uganda (national),Reference,2022-05,5,2022,127.01191011128458
Karamoja,Focus region,2022-05,5,2022,127.31455332206689
Lake Victoria basin,Focus region,2022-05,5,2022,103.13075640680601
Northern Region region,Admin region (AEZ stand-in),2022-05,5,2022,126.09904879929933
Eastern Region region,Admin region (AEZ stand-in),2022-05,5,2022,178.42989165116856
Central Region region,Admin region (AEZ stand-in),2022-05,5,2022,120.50513428230497
Western Region region,Admin region (AEZ stand-in),2022-05,5,2022,104.47280943419528
Uganda (national),Reference,2022-06,6,2022,58.13864332355139
Karamoja,Focus region,2022-06,6,2022,47.91803451225273
Lake Victoria basin,Focus region,2022-06,6,2022,21.98893397300753
Northern Region region,Admin region (AEZ stand-in),2022-06,6,2022,71.00147123584114
Eastern Region region,Admin region (AEZ stand-in),2022-06,6,2022,77.80303517429141
Central Region region,Admin region (AEZ stand-in),2022-06,6,2022,44.27907605988053
Western Region region,Admin region (AEZ stand-in),2022-06,6,2022,35.81247267282535
Uganda (national),Reference,2022-07,7,2022,56.34807553632149
Karamoja,Focus region,2022-07,7,2022,63.34205927344378
Lake Victoria basin,Focus region,2022-07,7,2022,14.415180152637548
Northern Region region,Admin region (AEZ stand-in),2022-07,7,2022,83.2788963963577
Eastern Region region,Admin region (AEZ stand-in),2022-07,7,2022,71.74475243209581
Central Region region,Admin region (AEZ stand-in),2022-07,7,2022,30.15889492792522
Western Region region,Admin region (AEZ stand-in),2022-07,7,2022,22.00623204597716
Uganda (national),Reference,2022-08,8,2022,155.2684811846461
Karamoja,Focus region,2022-08,8,2022,149.27946856663687
Lake Victoria basin,Focus region,2022-08,8,2022,95.02859062440768
Northern Region region,Admin region (AEZ stand-in),2022-08,8,2022,169.16247049019185
Eastern Region region,Admin region (AEZ stand-in),2022-08,8,2022,241.46788502415663
Central Region region,Admin region (AEZ stand-in),2022-08,8,2022,123.01600607414028
Western Region region,Admin region (AEZ stand-in),2022-08,8,2022,107.53741517114283
Uganda (national),Reference,2022-09,9,2022,125.18679343706359
Karamoja,Focus region,2022-09,9,2022,106.07552481772157
Lake Victoria basin,Focus region,2022-09,9,2022,90.15900452123934
Northern Region region,Admin region (AEZ stand-in),2022-09,9,2022,131.217543102535
Eastern Region region,Admin region (AEZ stand-in),2022-09,9,2022,150.03996851485343
Central Region region,Admin region (AEZ stand-in),2022-09,9,2022,118.76426395313095
Western Region region,Admin region (AEZ stand-in),2022-09,9,2022,105.69387785455837
Uganda (national),Reference,2022-10,10,2022,122.24800087094242
Karamoja,Focus region,2022-10,10,2022,82.36037633766063
Lake Victoria basin,Focus region,2022-10,10,2022,123.83102670020403
Northern Region region,Admin region (AEZ stand-in),2022-10,10,2022,109.4535873536275
Eastern Region region,Admin region (AEZ stand-in),2022-10,10,2022,111.4419531994584
Central Region region,Admin region (AEZ stand-in),2022-10,10,2022,119.44730073875019
Western Region region,Admin region (AEZ stand-in),2022-10,10,2022,152.26251283182967
Uganda (national),Reference,2022-11,11,2022,118.43959032812242
Karamoja,Focus region,2022-11,11,2022,46.526197902035854
Lake Victoria basin,Focus region,2022-11,11,2022,123.53429954527466
Northern Region region,Admin region (AEZ stand-in),2022-11,11,2022,100.01049761179297
Eastern Region region,Admin region (AEZ stand-in),2022-11,11,2022,115.3595730342503
Central Region region,Admin region (AEZ stand-in),2022-11,11,2022,121.30086258534755
Western Region region,Admin region (AEZ stand-in),2022-11,11,2022,149.24130750184744
Uganda (national),Reference,2022-12,12,2022,79.72324454802697
Karamoja,Focus region,2022-12,12,2022,27.610384069038545
Lake Victoria basin,Focus region,2022-12,12,2022,121.88857668042476
Northern Region region,Admin region (AEZ stand-in),2022-12,12,2022,45.755262365670866
Eastern Region region,Admin region (AEZ stand-in),2022-12,12,2022,82.74563014717798
Central Region region,Admin region (AEZ stand-in),2022-12,12,2022,122.9843294345577
Western Region region,Admin region (AEZ stand-in),2022-12,12,2022,102.32648421009975
Uganda (national),Reference,2023-01,1,2023,18.34762667305598
Karamoja,Focus region,2023-01,1,2023,0.5384678985784584
Lake Victoria basin,Focus region,2023-01,1,2023,47.54434088404855
Northern Region region,Admin region (AEZ stand-in),2023-01,1,2023,2.656159098173043
Eastern Region region,Admin region (AEZ stand-in),2023-01,1,2023,15.987003968180835
Central Region region,Admin region (AEZ stand-in),2023-01,1,2023,32.29052992903265
Western Region region,Admin region (AEZ stand-in),2023-01,1,2023,35.663232212960104
Uganda (national),Reference,2023-02,2,2023,21.570734789662335
Karamoja,Focus region,2023-02,2,2023,3.049537647466523
Lake Victoria basin,Focus region,2023-02,2,2023,34.77043388162052
Northern Region region,Admin region (AEZ stand-in),2023-02,2,2023,9.1515336174788
Eastern Region region,Admin region (AEZ stand-in),2023-02,2,2023,19.885467915889713
Central Region region,Admin region (AEZ stand-in),2023-02,2,2023,40.77775709116292
Western Region region,Admin region (AEZ stand-in),2023-02,2,2023,28.83711016970892
Uganda (national),Reference,2023-03,3,2023,136.2717718424172
Karamoja,Focus region,2023-03,3,2023,98.2466698286641
Lake Victoria basin,Focus region,2023-03,3,2023,137.3556105541278
Northern Region region,Admin region (AEZ stand-in),2023-03,3,2023,116.8789320082189
Eastern Region region,Admin region (AEZ stand-in),2023-03,3,2023,170.4418092654868
Central Region region,Admin region (AEZ stand-in),2023-03,3,2023,156.82590960841262
Western Region region,Admin region (AEZ stand-in),2023-03,3,2023,133.89569744800485
Uganda (national),Reference,2023-04,4,2023,163.85621059034028
Karamoja,Focus region,2023-04,4,2023,138.86839001021897
Lake Victoria basin,Focus region,2023-04,4,2023,169.11589665972502
Northern Region region,Admin region (AEZ stand-in),2023-04,4,2023,143.74152078486134
Eastern Region region,Admin region (AEZ stand-in),2023-04,4,2023,184.56273016020364
Central Region region,Admin region (AEZ stand-in),2023-04,4,2023,195.7871678497243
Western Region region,Admin region (AEZ stand-in),2023-04,4,2023,161.6539045224929
Uganda (national),Reference,2023-05,5,2023,104.14864230788676
Karamoja,Focus region,2023-05,5,2023,72.62845356840103
Lake Victoria basin,Focus region,2023-05,5,2023,83.4663387044222
Northern Region region,Admin region (AEZ stand-in),2023-05,5,2023,89.06264908023998
Eastern Region region,Admin region (AEZ stand-in),2023-05,5,2023,166.29738119782104
Central Region region,Admin region (AEZ stand-in),2023-05,5,2023,101.58385484173083
Western Region region,Admin region (AEZ stand-in),2023-05,5,2023,96.43541095039396
Uganda (national),Reference,2023-06,6,2023,113.89476625393813
Karamoja,Focus region,2023-06,6,2023,94.49798628530633
Lake Victoria basin,Focus region,2023-06,6,2023,42.548933999387174
Northern Region region,Admin region (AEZ stand-in),2023-06,6,2023,150.2252560484179
Eastern Region region,Admin region (AEZ stand-in),2023-06,6,2023,170.480896977739
Central Region region,Admin region (AEZ stand-in),2023-06,6,2023,69.08070431510016
Western Region region,Admin region (AEZ stand-in),2023-06,6,2023,54.52051383596522
Uganda (national),Reference,2023-07,7,2023,54.13394369312392
Karamoja,Focus region,2023-07,7,2023,73.36438309745476
Lake Victoria basin,Focus region,2023-07,7,2023,7.531926532417643
Northern Region region,Admin region (AEZ stand-in),2023-07,7,2023,83.65219894436002
Eastern Region region,Admin region (AEZ stand-in),2023-07,7,2023,80.3228003841641
Central Region region,Admin region (AEZ stand-in),2023-07,7,2023,16.031163677305848
Western Region region,Admin region (AEZ stand-in),2023-07,7,2023,18.51330593873952
Uganda (national),Reference,2023-08,8,2023,73.76437978536342
Karamoja,Focus region,2023-08,8,2023,60.02266427594086
Lake Victoria basin,Focus region,2023-08,8,2023,29.233763174347487
Northern Region region,Admin region (AEZ stand-in),2023-08,8,2023,88.0984245205321
Eastern Region region,Admin region (AEZ stand-in),2023-08,8,2023,110.84867582117391
Central Region region,Admin region (AEZ stand-in),2023-08,8,2023,48.87015657418089
Western Region region,Admin region (AEZ stand-in),2023-08,8,2023,47.40673768315036
Uganda (national),Reference,2023-09,9,2023,124.3689168279237
Karamoja,Focus region,2023-09,9,2023,97.14996560949142
Lake Victoria basin,Focus region,2023-09,9,2023,125.44150674659062
Northern Region region,Admin region (AEZ stand-in),2023-09,9,2023,118.02866206743548
Eastern Region region,Admin region (AEZ stand-in),2023-09,9,2023,175.78798685341764
Central Region region,Admin region (AEZ stand-in),2023-09,9,2023,121.12126814820371
Western Region region,Admin region (AEZ stand-in),2023-09,9,2023,108.38923627951112
Uganda (national),Reference,2023-10,10,2023,155.77995431933203
Karamoja,Focus region,2023-10,10,2023,113.96343581408817
Lake Victoria basin,Focus region,2023-10,10,2023,127.80458037450478
Northern Region region,Admin region (AEZ stand-in),2023-10,10,2023,166.95078808331144
Eastern Region region,Admin region (AEZ stand-in),2023-10,10,2023,163.53117555381436
Central Region region,Admin region (AEZ stand-in),2023-10,10,2023,136.88609249453026
Western Region region,Admin region (AEZ stand-in),2023-10,10,2023,146.96792201187247
Uganda (national),Reference,2023-11,11,2023,135.63559481480468
Karamoja,Focus region,2023-11,11,2023,41.16441976091178
Lake Victoria basin,Focus region,2023-11,11,2023,173.15323882473487
Northern Region region,Admin region (AEZ stand-in),2023-11,11,2023,96.04768225800807
Eastern Region region,Admin region (AEZ stand-in),2023-11,11,2023,142.61137946455872
Central Region region,Admin region (AEZ stand-in),2023-11,11,2023,186.97619097015226
Western Region region,Admin region (AEZ stand-in),2023-11,11,2023,159.1081729880633
Uganda (national),Reference,2023-12,12,2023,67.9594518410177
Karamoja,Focus region,2023-12,12,2023,20.586774644359135
Lake Victoria basin,Focus region,2023-12,12,2023,135.24231439898978
Northern Region region,Admin region (AEZ stand-in),2023-12,12,2023,30.891916582903445
Eastern Region region,Admin region (AEZ stand-in),2023-12,12,2023,63.96465129290293
Central Region region,Admin region (AEZ stand-in),2023-12,12,2023,109.43334561655307
Western Region region,Admin region (AEZ stand-in),2023-12,12,2023,101.23349182231792
Uganda (national),Reference,2024-01,1,2024,39.240442104572345
Karamoja,Focus region,2024-01,1,2024,21.91323000623287
Lake Victoria basin,Focus region,2024-01,1,2024,54.66461645961595
Northern Region region,Admin region (AEZ stand-in),2024-01,1,2024,17.3943248251643
Eastern Region region,Admin region (AEZ stand-in),2024-01,1,2024,96.2681484830232
Central Region region,Admin region (AEZ stand-in),2024-01,1,2024,60.65594603685798
Western Region region,Admin region (AEZ stand-in),2024-01,1,2024,27.44126373626298
Uganda (national),Reference,2024-02,2,2024,52.06497558427462
Karamoja,Focus region,2024-02,2,2024,42.824304713163194
Lake Victoria basin,Focus region,2024-02,2,2024,53.16712788872097
Northern Region region,Admin region (AEZ stand-in),2024-02,2,2024,44.7572865858037
Eastern Region region,Admin region (AEZ stand-in),2024-02,2,2024,77.35282282546625
Central Region region,Admin region (AEZ stand-in),2024-02,2,2024,53.883707624538864
Western Region region,Admin region (AEZ stand-in),2024-02,2,2024,48.670849925052615
Uganda (national),Reference,2024-03,3,2024,68.11988480761413
Karamoja,Focus region,2024-03,3,2024,44.36355239200928
Lake Victoria basin,Focus region,2024-03,3,2024,79.8384180617252
Northern Region region,Admin region (AEZ stand-in),2024-03,3,2024,51.82072833056486
Eastern Region region,Admin region (AEZ stand-in),2024-03,3,2024,95.10854158774418
Central Region region,Admin region (AEZ stand-in),2024-03,3,2024,73.66350623230892
Western Region region,Admin region (AEZ stand-in),2024-03,3,2024,76.17122989793138
Uganda (national),Reference,2024-04,4,2024,158.27503185424055
Karamoja,Focus region,2024-04,4,2024,186.52832749714432
Lake Victoria basin,Focus region,2024-04,4,2024,168.24047488397972
Northern Region region,Admin region (AEZ stand-in),2024-04,4,2024,133.86488010541265
Eastern Region region,Admin region (AEZ stand-in),2024-04,4,2024,238.1690146566705
Central Region region,Admin region (AEZ stand-in),2024-04,4,2024,181.90139302311397
Western Region region,Admin region (AEZ stand-in),2024-04,4,2024,136.11253893263242
Uganda (national),Reference,2024-05,5,2024,94.30648956819594
Karamoja,Focus region,2024-05,5,2024,77.75300442645234
Lake Victoria basin,Focus region,2024-05,5,2024,91.33340404761877
Northern Region region,Admin region (AEZ stand-in),2024-05,5,2024,88.87685648074037
Eastern Region region,Admin region (AEZ stand-in),2024-05,5,2024,123.03535230497081
Central Region region,Admin region (AEZ stand-in),2024-05,5,2024,96.70621821469732
Western Region region,Admin region (AEZ stand-in),2024-05,5,2024,85.2838251898343
Uganda (national),Reference,2024-06,6,2024,64.2608282240556
Karamoja,Focus region,2024-06,6,2024,41.8250367022087
Lake Victoria basin,Focus region,2024-06,6,2024,26.521828483597268
Northern Region region,Admin region (AEZ stand-in),2024-06,6,2024,90.86889693083198
Eastern Region region,Admin region (AEZ stand-in),2024-06,6,2024,57.84412748941409
Central Region region,Admin region (AEZ stand-in),2024-06,6,2024,46.76821580834924
Western Region region,Admin region (AEZ stand-in),2024-06,6,2024,36.13360650261057
Uganda (national),Reference,2024-07,7,2024,150.53009592098306
Karamoja,Focus region,2024-07,7,2024,222.76468419527725
Lake Victoria basin,Focus region,2024-07,7,2024,58.63324631854125
Northern Region region,Admin region (AEZ stand-in),2024-07,7,2024,203.93746545397204
Eastern Region region,Admin region (AEZ stand-in),2024-07,7,2024,192.45016756721193
Central Region region,Admin region (AEZ stand-in),2024-07,7,2024,106.73623596256016
Western Region region,Admin region (AEZ stand-in),2024-07,7,2024,69.88909250578752
Uganda (national),Reference,2024-08,8,2024,129.402627157259
Karamoja,Focus region,2024-08,8,2024,115.50882718632468
Lake Victoria basin,Focus region,2024-08,8,2024,60.615707017698995
Northern Region region,Admin region (AEZ stand-in),2024-08,8,2024,165.98623387192643
Eastern Region region,Admin region (AEZ stand-in),2024-08,8,2024,122.3372248259011
Central Region region,Admin region (AEZ stand-in),2024-08,8,2024,90.5633243223735
Western Region region,Admin region (AEZ stand-in),2024-08,8,2024,101.05977866697074
Uganda (national),Reference,2024-09,9,2024,127.85049341310913
Karamoja,Focus region,2024-09,9,2024,90.95909017996144
Lake Victoria basin,Focus region,2024-09,9,2024,89.02184188494105
Northern Region region,Admin region (AEZ stand-in),2024-09,9,2024,137.7427489818193
Eastern Region region,Admin region (AEZ stand-in),2024-09,9,2024,147.49454241533772
Central Region region,Admin region (AEZ stand-in),2024-09,9,2024,87.88302025619508
Western Region region,Admin region (AEZ stand-in),2024-09,9,2024,130.48996589654038
Uganda (national),Reference,2024-10,10,2024,155.5326230588609
Karamoja,Focus region,2024-10,10,2024,200.70213413890608
Lake Victoria basin,Focus region,2024-10,10,2024,118.74239222343044
Northern Region region,Admin region (AEZ stand-in),2024-10,10,2024,173.37235928891536
Eastern Region region,Admin region (AEZ stand-in),2024-10,10,2024,170.67648944339618
Central Region region,Admin region (AEZ stand-in),2024-10,10,2024,120.27065523791649
Western Region region,Admin region (AEZ stand-in),2024-10,10,2024,143.96249505850156
Uganda (national),Reference,2024-11,11,2024,152.5539274003822
Karamoja,Focus region,2024-11,11,2024,61.92881936593926
Lake Victoria basin,Focus region,2024-11,11,2024,178.03631711161617
Northern Region region,Admin region (AEZ stand-in),2024-11,11,2024,98.54709251748076
Eastern Region region,Admin region (AEZ stand-in),2024-11,11,2024,229.9563438228561
Central Region region,Admin region (AEZ stand-in),2024-11,11,2024,167.8813077896685
Western Region region,Admin region (AEZ stand-in),2024-11,11,2024,188.3272447456998
Uganda (national),Reference,2024-12,12,2024,40.78728817465527
Karamoja,Focus region,2024-12,12,2024,7.228786025611276
Lake Victoria basin,Focus region,2024-12,12,2024,96.0876307806037
Northern Region region,Admin region (AEZ stand-in),2024-12,12,2024,13.032099095289174
Eastern Region region,Admin region (AEZ stand-in),2024-12,12,2024,30.85565363234206
Central Region region,Admin region (AEZ stand-in),2024-12,12,2024,69.04512626004139
Western Region region,Admin region (AEZ stand-in),2024-12,12,2024,71.79825891356347
Uganda (national),Reference,2025-01,1,2025,27.79985869494912
Karamoja,Focus region,2025-01,1,2025,6.102357281621685
Lake Victoria basin,Focus region,2025-01,1,2025,53.14479391554366
Northern Region region,Admin region (AEZ stand-in),2025-01,1,2025,7.811254296957654
Eastern Region region,Admin region (AEZ stand-in),2025-01,1,2025,40.260885160122236
Central Region region,Admin region (AEZ stand-in),2025-01,1,2025,51.813930763016124
Western Region region,Admin region (AEZ stand-in),2025-01,1,2025,36.162630007736006
Uganda (national),Reference,2025-02,2,2025,15.290646103206672
Karamoja,Focus region,2025-02,2,2025,5.322881223744704
Lake Victoria basin,Focus region,2025-02,2,2025,28.60162502198462
Northern Region region,Admin region (AEZ stand-in),2025-02,2,2025,5.24800709495048
Eastern Region region,Admin region (AEZ stand-in),2025-02,2,2025,12.341333520927497
Central Region region,Admin region (AEZ stand-in),2025-02,2,2025,22.643266618776238
Western Region region,Admin region (AEZ stand-in),2025-02,2,2025,28.39952762312545
Uganda (national),Reference,2025-03,3,2025,103.86312395226787
Karamoja,Focus region,2025-03,3,2025,103.29198776846037
Lake Victoria basin,Focus region,2025-03,3,2025,103.8662506429183
Northern Region region,Admin region (AEZ stand-in),2025-03,3,2025,87.89424192785016
Eastern Region region,Admin region (AEZ stand-in),2025-03,3,2025,148.77689032905658
Central Region region,Admin region (AEZ stand-in),2025-03,3,2025,121.92907566729522
Western Region region,Admin region (AEZ stand-in),2025-03,3,2025,91.55643847595168
Uganda (national),Reference,2025-04,4,2025,147.06355917199153
Karamoja,Focus region,2025-04,4,2025,104.69811134697841
Lake Victoria basin,Focus region,2025-04,4,2025,154.37176123188527
Northern Region region,Admin region (AEZ stand-in),2025-04,4,2025,122.95852355686577
Eastern Region region,Admin region (AEZ stand-in),2025-04,4,2025,176.36689560639996
Central Region region,Admin region (AEZ stand-in),2025-04,4,2025,152.78381203144048
Western Region region,Admin region (AEZ stand-in),2025-04,4,2025,166.83706545315158
Uganda (national),Reference,2025-05,5,2025,153.0022593305541
Karamoja,Focus region,2025-05,5,2025,144.76762645481108
Lake Victoria basin,Focus region,2025-05,5,2025,133.32746643426987
Northern Region region,Admin region (AEZ stand-in),2025-05,5,2025,148.33942365848552
Eastern Region region,Admin region (AEZ stand-in),2025-05,5,2025,222.38017098089463
Central Region region,Admin region (AEZ stand-in),2025-05,5,2025,169.8532471034584
Western Region region,Admin region (AEZ stand-in),2025-05,5,2025,108.62883935904401
Uganda (national),Reference,2025-06,6,2025,87.19857627945835
Karamoja,Focus region,2025-06,6,2025,65.57926476321391
Lake Victoria basin,Focus region,2025-06,6,2025,72.33719944312533
Northern Region region,Admin region (AEZ stand-in),2025-06,6,2025,89.7162040099262
Eastern Region region,Admin region (AEZ stand-in),2025-06,6,2025,102.29377740856846
Central Region region,Admin region (AEZ stand-in),2025-06,6,2025,79.79414108632535
Western Region region,Admin region (AEZ stand-in),2025-06,6,2025,79.94557598242568
Uganda (national),Reference,2025-07,7,2025,86.1298566195364
Karamoja,Focus region,2025-07,7,2025,85.18385588488935
Lake Victoria basin,Focus region,2025-07,7,2025,24.498834976953635
Northern Region region,Admin region (AEZ stand-in),2025-07,7,2025,107.62216434345311
Eastern Region region,Admin region (AEZ stand-in),2025-07,7,2025,156.26314166037255
Central Region region,Admin region (AEZ stand-in),2025-07,7,2025,43.188567924755155
Western Region region,Admin region (AEZ stand-in),2025-07,7,2025,42.82144771576386
Uganda (national),Reference,2025-08,8,2025,148.49062176491412
Karamoja,Focus region,2025-08,8,2025,252.44462469814505
Lake Victoria basin,Focus region,2025-08,8,2025,64.48285031288695
Northern Region region,Admin region (AEZ stand-in),2025-08,8,2025,214.71271010089004
Eastern Region region,Admin region (AEZ stand-in),2025-08,8,2025,137.3956849650319
Central Region region,Admin region (AEZ stand-in),2025-08,8,2025,80.91080620376212
Western Region region,Admin region (AEZ stand-in),2025-08,8,2025,94.47303847000535
Uganda (national),Reference,2025-09,9,2025,107.19593741723284
Karamoja,Focus region,2025-09,9,2025,92.89626809269079
Lake Victoria basin,Focus region,2025-09,9,2025,82.49596423457201
Northern Region region,Admin region (AEZ stand-in),2025-09,9,2025,108.41765691322311
Eastern Region region,Admin region (AEZ stand-in),2025-09,9,2025,129.8248646116444
Central Region region,Admin region (AEZ stand-in),2025-09,9,2025,93.42028869631899
Western Region region,Admin region (AEZ stand-in),2025-09,9,2025,102.7732386278834
Uganda (national),Reference,2025-10,10,2025,208.04584017964117
Karamoja,Focus region,2025-10,10,2025,319.75130854490436
Lake Victoria basin,Focus region,2025-10,10,2025,130.5210597019309
Northern Region region,Admin region (AEZ stand-in),2025-10,10,2025,269.96955679745713
Eastern Region region,Admin region (AEZ stand-in),2025-10,10,2025,225.71133883669768
Central Region region,Admin region (AEZ stand-in),2025-10,10,2025,127.37177380157681
Western Region region,Admin region (AEZ stand-in),2025-10,10,2025,155.65000815092347
Uganda (national),Reference,2025-11,11,2025,57.321976434301455
Karamoja,Focus region,2025-11,11,2025,16.675946368995454
Lake Victoria basin,Focus region,2025-11,11,2025,70.34218667466105
Northern Region region,Admin region (AEZ stand-in),2025-11,11,2025,37.63395329401452
Eastern Region region,Admin region (AEZ stand-in),2025-11,11,2025,49.442271014745614
Central Region region,Admin region (AEZ stand-in),2025-11,11,2025,58.22465036368994
Western Region region,Admin region (AEZ stand-in),2025-11,11,2025,94.48695099558263
Uganda (national),Reference,2025-12,12,2025,88.63644443728477
Karamoja,Focus region,2025-12,12,2025,36.73423935986922
Lake Victoria basin,Focus region,2025-12,12,2025,151.58115905204338
Northern Region region,Admin region (AEZ stand-in),2025-12,12,2025,47.73965322217518
Eastern Region region,Admin region (AEZ stand-in),2025-12,12,2025,92.83631577671228
Central Region region,Admin region (AEZ stand-in),2025-12,12,2025,135.47010889214354
Western Region region,Admin region (AEZ stand-in),2025-12,12,2025,119.56744979310112
